mtllib studio.mtl
o TorusKnot
usemtl Turquoise
v 2.330000 0.000000 0.000000
v 2.346747 -0.080102 0.025916
v 2.394437 -0.148010 0.047886
v 2.465810 -0.193384 0.062566
v 2.550000 -0.209318 0.067720
v 2.634190 -0.193384 0.062566
v 2.705563 -0.148010 0.047886
v 2.753253 -0.080102 0.025916
v 2.770000 -0.000000 0.000000
v 2.753253 0.080102 -0.025916
v 2.705563 0.148010 -0.047886
v 2.634190 0.193384 -0.062566
v 2.550000 0.209318 -0.067720
v 2.465810 0.193384 -0.062566
v 2.394437 0.148010 -0.047886
v 2.346747 0.080102 -0.025916
v 2.319833 0.064646 0.174177
v 2.333467 -0.015504 0.201721
v 2.378292 -0.083451 0.228968
v 2.447482 -0.128852 0.251770
v 2.530504 -0.144794 0.266656
v 2.614719 -0.128852 0.271360
v 2.687306 -0.083451 0.265165
v 2.737214 -0.015504 0.249014
v 2.756845 0.064646 0.225367
v 2.743210 0.144795 0.197823
v 2.698386 0.212742 0.170575
v 2.629196 0.258143 0.147773
v 2.546173 0.274085 0.132887
v 2.461958 0.258143 0.128183
v 2.389371 0.212742 0.134378
v 2.339464 0.144795 0.150529
v 2.289536 0.128395 0.345752
v 2.299983 0.048107 0.374269
v 2.341427 -0.019957 0.406175
v 2.407561 -0.065436 0.436614
v 2.488315 -0.081407 0.460949
v 2.571395 -0.065436 0.475478
v 2.644153 -0.019957 0.477988
v 2.695513 0.048107 0.468096
v 2.717655 0.128395 0.447309
v 2.707209 0.208683 0.418792
v 2.665764 0.276747 0.386886
v 2.599631 0.322226 0.356448
v 2.518877 0.338197 0.332112
v 2.435797 0.322226 0.317583
v 2.363038 0.276747 0.315074
v 2.311678 0.208683 0.324965
v 2.239722 0.190364 0.512196
v 2.247054 0.109851 0.541047
v 2.284748 0.041596 0.576947
v 2.347065 -0.004011 0.614430
v 2.424519 -0.020026 0.647791
v 2.505317 -0.004011 0.671951
v 2.577159 0.041596 0.683230
v 2.629107 0.109851 0.679913
v 2.653253 0.190364 0.662504
v 2.645921 0.270877 0.633653
v 2.608227 0.339133 0.597753
v 2.545910 0.384740 0.560269
v 2.468457 0.400755 0.526908
v 2.387659 0.384740 0.502749
v 2.315817 0.339133 0.491469
v 2.263869 0.270877 0.494787
v 2.171389 0.249695 0.671120
v 2.175822 0.168878 0.699710
v 2.209540 0.100364 0.738920
v 2.267410 0.054585 0.782781
v 2.340622 0.038509 0.824615
v 2.418029 0.054585 0.858054
v 2.487847 0.100364 0.878007
v 2.539448 0.168878 0.881435
v 2.564975 0.249695 0.867818
v 2.560541 0.330512 0.839228
v 2.526823 0.399025 0.800018
v 2.468953 0.444805 0.756157
v 2.395742 0.460880 0.714322
v 2.318334 0.444805 0.680883
v 2.248516 0.399025 0.660931
v 2.196916 0.330512 0.657502
v 2.085887 0.305564 0.820340
v 2.087765 0.224375 0.848148
v 2.117426 0.155546 0.889996
v 2.170355 0.109556 0.939514
v 2.238492 0.093407 0.989162
v 2.311466 0.109556 1.031382
v 2.378165 0.155546 1.059747
v 2.428437 0.224375 1.069937
v 2.454627 0.305564 1.060403
v 2.452749 0.386752 1.032594
v 2.423087 0.455581 0.990746
v 2.370159 0.501571 0.941228
v 2.302021 0.517720 0.891580
v 2.229048 0.501571 0.849360
v 2.162348 0.455581 0.820996
v 2.112077 0.386752 0.810805
v 1.984878 0.357196 0.957934
v 1.984655 0.275583 0.984536
v 2.010313 0.206395 1.028390
v 2.057945 0.160164 1.082818
v 2.120300 0.143931 1.139534
v 2.187885 0.160164 1.189905
v 2.250410 0.206395 1.226261
v 2.298358 0.275583 1.243068
v 2.324427 0.357196 1.237767
v 2.324650 0.438810 1.211164
v 2.298993 0.507998 1.167311
v 2.251361 0.554228 1.112883
v 2.189006 0.570462 1.056167
v 2.121421 0.554228 1.005796
v 2.058895 0.507998 0.969440
v 2.010948 0.438810 0.952633
v 1.870283 0.403877 1.082295
v 1.868497 0.321805 1.107381
v 1.890325 0.252227 1.152668
v 1.932444 0.205736 1.211261
v 1.988441 0.189411 1.274239
v 2.049792 0.205736 1.332015
v 2.107156 0.252227 1.375792
v 2.151801 0.321805 1.398907
v 2.176928 0.403877 1.397839
v 2.178714 0.485950 1.372753
v 2.156886 0.555528 1.327466
v 2.114767 0.602018 1.268873
v 2.058769 0.618344 1.205895
v 1.997418 0.602018 1.148119
v 1.940054 0.555528 1.104342
v 1.895410 0.485950 1.081227
v 1.744215 0.444959 1.192161
v 1.741465 0.362414 1.215551
v 1.759740 0.292435 1.261784
v 1.796259 0.245676 1.323820
v 1.845463 0.229257 1.392215
v 1.899859 0.245676 1.456557
v 1.951167 0.292435 1.507050
v 1.991576 0.362414 1.536007
v 2.014934 0.444959 1.539020
v 2.017684 0.527505 1.515630
v 1.999409 0.597484 1.469398
v 1.962890 0.644242 1.407362
v 1.913686 0.660662 1.338967
v 1.859290 0.644242 1.274625
v 1.807982 0.597484 1.224132
v 1.767573 0.527505 1.195174
v 1.608917 0.479873 1.286650
v 1.605831 0.396865 1.308297
v 1.620911 0.326493 1.355083
v 1.651864 0.279473 1.419886
v 1.693976 0.262962 1.492841
v 1.740836 0.279473 1.562841
v 1.785310 0.326493 1.619229
v 1.820628 0.396865 1.653420
v 1.841412 0.479873 1.660209
v 1.844499 0.562881 1.638563
v 1.829418 0.633252 1.591777
v 1.798466 0.680273 1.526973
v 1.756354 0.696784 1.454018
v 1.709494 0.680273 1.384019
v 1.665019 0.633252 1.327631
v 1.629702 0.562881 1.293440
v 1.466686 0.508134 1.365266
v 1.463894 0.424701 1.385255
v 1.476195 0.353969 1.432310
v 1.501719 0.306708 1.499269
v 1.536578 0.290112 1.575936
v 1.575466 0.306708 1.650640
v 1.612463 0.353969 1.712009
v 1.641936 0.424701 1.750698
v 1.659399 0.508134 1.760819
v 1.662191 0.591567 1.740830
v 1.649890 0.662298 1.693775
v 1.624366 0.709559 1.626816
v 1.589507 0.726155 1.550149
v 1.550619 0.709559 1.475445
v 1.513622 0.662298 1.414076
v 1.484149 0.591567 1.375387
v 1.319802 0.529350 1.427898
v 1.317906 0.445559 1.446443
v 1.327878 0.374525 1.493593
v 1.348198 0.327061 1.562169
v 1.375773 0.310394 1.641732
v 1.406406 0.327061 1.720169
v 1.435432 0.374525 1.785538
v 1.458432 0.445559 1.827888
v 1.471906 0.529350 1.840771
v 1.473801 0.613141 1.822226
v 1.463830 0.684176 1.775076
v 1.443509 0.731640 1.706500
v 1.415934 0.748307 1.626937
v 1.385302 0.731640 1.548500
v 1.356276 0.684176 1.483131
v 1.333275 0.613141 1.440781
v 1.170451 0.543229 1.474807
v 1.170005 0.459178 1.492234
v 1.178105 0.387923 1.539410
v 1.193518 0.340312 1.609153
v 1.213898 0.323593 1.690845
v 1.236142 0.340312 1.772049
v 1.256864 0.387923 1.840403
v 1.272909 0.459178 1.885500
v 1.281834 0.543229 1.900475
v 1.282281 0.627279 1.883048
v 1.274181 0.698534 1.835872
v 1.258768 0.746145 1.766129
v 1.238388 0.762864 1.684437
v 1.216143 0.746145 1.603233
v 1.195421 0.698534 1.534879
v 1.179377 0.627279 1.489782
v 1.020668 0.549576 1.506593
v 1.022146 0.465395 1.523320
v 1.028821 0.394030 1.570553
v 1.039676 0.346345 1.641099
v 1.053059 0.329600 1.724220
v 1.066932 0.346345 1.807259
v 1.079183 0.394030 1.877577
v 1.087948 0.465395 1.924466
v 1.091891 0.549576 1.940790
v 1.090412 0.633757 1.924062
v 1.083738 0.705122 1.876830
v 1.072883 0.752807 1.806283
v 1.059500 0.769552 1.723163
v 1.045627 0.752807 1.640123
v 1.033376 0.705122 1.569806
v 1.024611 0.633757 1.522916
v 0.872266 0.548305 1.524156
v 0.876052 0.464153 1.540669
v 0.881717 0.392813 1.588071
v 0.888398 0.345145 1.659146
v 0.895078 0.328407 1.743072
v 0.900739 0.345145 1.827074
v 0.904521 0.392813 1.898361
v 0.905847 0.464153 1.946083
v 0.904515 0.548305 1.962972
v 0.900728 0.632456 1.946459
v 0.895063 0.703796 1.899057
v 0.888382 0.751464 1.827982
v 0.881703 0.768202 1.744055
v 0.876041 0.751464 1.660054
v 0.872260 0.703796 1.588766
v 0.870934 0.632456 1.541045
v 0.726790 0.539432 1.528641
v 0.733163 0.455498 1.545461
v 0.738188 0.384342 1.593210
v 0.741099 0.336797 1.664621
v 0.741454 0.320101 1.748821
v 0.739197 0.336797 1.832991
v 0.734674 0.384342 1.904318
v 0.728572 0.455498 1.951942
v 0.721820 0.539432 1.968613
v 0.715447 0.623366 1.951794
v 0.710422 0.694522 1.904044
v 0.707511 0.742067 1.832633
v 0.707156 0.758762 1.748433
v 0.709413 0.742067 1.664263
v 0.713936 0.694522 1.592937
v 0.720038 0.623366 1.545312
v 0.585479 0.523081 1.521380
v 0.594608 0.439572 1.539028
v 0.599306 0.368777 1.587344
v 0.598861 0.321473 1.658972
v 0.593338 0.304862 1.743008
v 0.583580 0.321473 1.826658
v 0.571071 0.368777 1.897187
v 0.557716 0.439572 1.943857
v 0.545548 0.523081 1.959564
v 0.536420 0.606590 1.941916
v 0.531721 0.677385 1.893601
v 0.532167 0.724689 1.821972
v 0.537689 0.741300 1.737936
v 0.547448 0.724689 1.654287
v 0.559957 0.677385 1.583758
v 0.573312 0.606590 1.537087
v 0.449240 0.499479 1.503822
v 0.461183 0.416616 1.522785
v 0.465810 0.346368 1.571901
v 0.462419 0.299430 1.643690
v 0.451525 0.282948 1.727225
v 0.434787 0.299430 1.809788
v 0.414753 0.346368 1.878809
v 0.394472 0.416616 1.923781
v 0.377034 0.499479 1.937857
v 0.365091 0.582341 1.918893
v 0.360463 0.652589 1.869778
v 0.363855 0.699527 1.797988
v 0.374749 0.716009 1.714453
v 0.391487 0.699527 1.631890
v 0.411521 0.652589 1.562869
v 0.431801 0.582341 1.517897
v 0.318634 0.468952 1.477467
v 0.333350 0.386955 1.498164
v 0.338104 0.317441 1.548300
v 0.332171 0.270993 1.620244
v 0.316456 0.254683 1.703042
v 0.293351 0.270993 1.784089
v 0.266374 0.317441 1.851046
v 0.239630 0.386955 1.893720
v 0.217193 0.468952 1.905614
v 0.202477 0.550949 1.884917
v 0.197724 0.620463 1.834781
v 0.203656 0.666911 1.762837
v 0.219371 0.683221 1.680039
v 0.242476 0.666911 1.598992
v 0.269454 0.620463 1.532035
v 0.296197 0.550949 1.489361
v 0.193886 0.431924 1.443801
v 0.211248 0.350994 1.466547
v 0.216271 0.282385 1.517890
v 0.208191 0.236542 1.590012
v 0.188238 0.220444 1.671934
v 0.159450 0.236542 1.751183
v 0.126209 0.282385 1.815696
v 0.093576 0.350994 1.855651
v 0.066520 0.431924 1.864964
v 0.049158 0.512854 1.842218
v 0.044135 0.581463 1.790876
v 0.052214 0.627306 1.718754
v 0.072167 0.643404 1.636832
v 0.100955 0.627306 1.557582
v 0.134196 0.581463 1.493069
v 0.166829 0.512854 1.453115
v 0.074901 0.388909 1.404234
v 0.094712 0.309211 1.429218
v 0.100105 0.241646 1.481891
v 0.090257 0.196501 1.554233
v 0.066669 0.180648 1.635231
v 0.032930 0.196501 1.712555
v -0.005821 0.241646 1.774431
v -0.043687 0.309211 1.811440
v -0.074901 0.388909 1.817948
v -0.094712 0.468607 1.792964
v -0.100105 0.536171 1.740292
v -0.090257 0.581317 1.667950
v -0.066669 0.597170 1.586951
v -0.032930 0.581317 1.509628
v 0.005821 0.536171 1.447752
v 0.043687 0.468607 1.410742
v -0.038693 0.340502 1.360049
v -0.016680 0.262141 1.387318
v -0.010858 0.195711 1.441369
v -0.022113 0.151323 1.513974
v -0.048732 0.135736 1.594080
v -0.086662 0.151323 1.669491
v -0.130128 0.195711 1.728727
v -0.172514 0.262141 1.762769
v -0.207367 0.340502 1.766435
v -0.229380 0.418862 1.739166
v -0.235202 0.485293 1.685115
v -0.223947 0.529680 1.612510
v -0.197328 0.545267 1.532404
v -0.159398 0.529680 1.456993
v -0.115931 0.485293 1.397757
v -0.073545 0.418862 1.363715
v -0.147493 0.287374 1.312365
v -0.123567 0.210377 1.341819
v -0.117292 0.145103 1.397211
v -0.129624 0.101488 1.470109
v -0.158684 0.086172 1.549415
v -0.200050 0.101488 1.623055
v -0.247422 0.145103 1.679817
v -0.293590 0.210377 1.711062
v -0.331524 0.287374 1.712031
v -0.355450 0.364371 1.682577
v -0.361725 0.429646 1.627185
v -0.349393 0.473261 1.554287
v -0.320333 0.488576 1.474982
v -0.278968 0.473261 1.401342
v -0.231595 0.429646 1.344579
v -0.185427 0.364371 1.313335
v -0.252255 0.230263 1.262112
v -0.226740 0.154559 1.293519
v -0.220036 0.090380 1.350128
v -0.233161 0.047497 1.423321
v -0.264118 0.032438 1.501955
v -0.308194 0.047497 1.574060
v -0.358678 0.090380 1.628656
v -0.407886 0.154559 1.657434
v -0.448325 0.230263 1.656011
v -0.473839 0.305967 1.624605
v -0.480544 0.370146 1.567996
v -0.467419 0.413029 1.494802
v -0.436462 0.428087 1.416168
v -0.392386 0.413029 1.344064
v -0.341901 0.370146 1.289467
v -0.292694 0.305967 1.260689
v -0.353810 0.169959 1.210014
v -0.327076 0.095372 1.243036
v -0.320029 0.032139 1.300660
v -0.333743 -0.010111 1.374112
v -0.366129 -0.024947 1.452212
v -0.412256 -0.010111 1.523067
v -0.465104 0.032139 1.575893
v -0.516625 0.095372 1.602646
v -0.558976 0.169959 1.599253
v -0.585710 0.244547 1.566231
v -0.592757 0.307779 1.508607
v -0.579044 0.350030 1.435154
v -0.546658 0.364866 1.357055
v -0.500530 0.350030 1.286199
v -0.447682 0.307779 1.233374
v -0.396161 0.244547 1.206621
v -0.452988 0.107300 1.156580
v -0.425462 0.033551 1.190814
v -0.418256 -0.028969 1.249189
v -0.432467 -0.070745 1.322819
v -0.465931 -0.085414 1.400494
v -0.513555 -0.070745 1.470388
v -0.568087 -0.028969 1.521862
v -0.621226 0.033551 1.547078
v -0.664882 0.107300 1.542198
v -0.692408 0.181048 1.507964
v -0.699615 0.243569 1.449589
v -0.685404 0.285344 1.375959
v -0.651939 0.300013 1.298284
v -0.604316 0.285344 1.228390
v -0.549783 0.243569 1.176916
v -0.496644 0.181048 1.151700
v -0.550546 0.043153 1.102092
v -0.522732 -0.030116 1.137114
v -0.515672 -0.092231 1.195939
v -0.530441 -0.133734 1.269613
v -0.564790 -0.148308 1.346918
v -0.613491 -0.133734 1.416087
v -0.669128 -0.092231 1.466588
v -0.723232 -0.030116 1.490734
v -0.767566 0.043153 1.484848
v -0.795380 0.116421 1.449827
v -0.802440 0.178536 1.391001
v -0.787671 0.220039 1.317328
v -0.753322 0.234613 1.240022
v -0.704621 0.220039 1.170853
v -0.648984 0.178536 1.120352
v -0.594879 0.116421 1.096206
v -0.647111 -0.021593 1.046589
v -0.619600 -0.094792 1.081995
v -0.613136 -0.156847 1.140951
v -0.628702 -0.198310 1.214483
v -0.663929 -0.212870 1.291396
v -0.713453 -0.198310 1.359980
v -0.769736 -0.156847 1.409794
v -0.824209 -0.094792 1.433255
v -0.868578 -0.021593 1.426790
v -0.896089 0.051606 1.391385
v -0.902553 0.113661 1.332428
v -0.886987 0.155124 1.258896
v -0.851760 0.169685 1.181984
v -0.802236 0.155124 1.113400
v -0.745953 0.113661 1.063586
v -0.691480 0.051606 1.040125
v -0.743167 -0.086039 0.989852
v -0.716629 -0.159584 1.025282
v -0.711350 -0.221933 1.084047
v -0.728134 -0.263593 1.157198
v -0.764425 -0.278222 1.233601
v -0.814698 -0.263593 1.301624
v -0.871300 -0.221933 1.350910
v -0.925614 -0.159584 1.373956
v -0.969371 -0.086039 1.367254
v -0.995908 -0.012494 1.331823
v -1.001187 0.049855 1.273059
v -0.984404 0.091515 1.199907
v -0.948113 0.106144 1.123504
v -0.897839 0.091515 1.055482
v -0.841237 0.049855 1.006196
v -0.786923 -0.012494 0.983150
v -0.839043 -0.149292 0.931399
v -0.814201 -0.223565 0.966541
v -0.810810 -0.286530 1.024785
v -0.829389 -0.328602 1.097264
v -0.867107 -0.343375 1.172945
v -0.918223 -0.328602 1.240305
v -0.974955 -0.286530 1.289089
v -1.028665 -0.223565 1.311871
v -1.071178 -0.149292 1.305182
v -1.096020 -0.075020 1.270041
v -1.099411 -0.012055 1.211797
v -1.080832 0.030017 1.139317
v -1.043114 0.044791 1.063637
v -0.991998 0.030017 0.996277
v -0.935267 -0.012055 0.947492
v -0.881556 -0.075020 0.924710
v -0.934923 -0.210476 0.870508
v -0.912507 -0.285783 0.905074
v -0.911769 -0.349625 0.962451
v -0.932824 -0.392283 1.033903
v -0.972464 -0.407263 1.108554
v -1.024657 -0.392283 1.175037
v -1.081454 -0.349625 1.223232
v -1.134211 -0.285783 1.245801
v -1.174894 -0.210476 1.239309
v -1.197311 -0.135169 1.204743
v -1.198048 -0.071326 1.147367
v -1.176994 -0.028668 1.075914
v -1.137353 -0.013689 1.001264
v -1.085161 -0.028668 0.934780
v -1.028363 -0.071326 0.886585
v -0.975607 -0.135169 0.864016
v -1.030836 -0.268742 0.806258
v -1.011533 -0.345295 0.839955
v -1.014210 -0.410193 0.896076
v -1.038460 -0.453557 0.966076
v -1.080592 -0.468784 1.039298
v -1.134190 -0.453557 1.104596
v -1.191096 -0.410193 1.152028
v -1.242646 -0.345295 1.174373
v -1.280991 -0.268742 1.168229
v -1.300295 -0.192189 1.134532
v -1.297618 -0.127290 1.078412
v -1.273367 -0.083927 1.008412
v -1.231236 -0.068699 0.935189
v -1.177637 -0.083927 0.869892
v -1.120731 -0.127290 0.822460
v -1.069182 -0.192189 0.800115
v -1.126637 -0.323282 0.737595
v -1.111040 -0.401186 0.770093
v -1.117825 -0.467230 0.824505
v -1.145959 -0.511359 0.892546
v -1.191158 -0.526855 0.963857
v -1.246542 -0.511359 1.027583
v -1.303678 -0.467230 1.074022
v -1.353868 -0.401186 1.096103
v -1.389472 -0.323282 1.090465
v -1.405068 -0.245378 1.057967
v -1.398283 -0.179334 1.003555
v -1.370150 -0.135205 0.935514
v -1.324950 -0.119709 0.864202
v -1.269567 -0.135205 0.800476
v -1.212431 -0.179334 0.754038
v -1.162240 -0.245378 0.731957
v -1.221972 -0.373340 0.663402
v -1.210540 -0.452601 0.694315
v -1.222001 -0.519794 0.746488
v -1.254612 -0.564692 0.811981
v -1.303406 -0.580457 0.880821
v -1.360956 -0.564692 0.942529
v -1.418501 -0.519794 0.987710
v -1.467279 -0.452601 1.009486
v -1.499864 -0.373340 1.004541
v -1.511297 -0.294080 0.973629
v -1.499835 -0.226887 0.921455
v -1.467225 -0.181989 0.855963
v -1.418430 -0.166223 0.787122
v -1.360880 -0.181989 0.725414
v -1.303336 -0.226887 0.680233
v -1.254558 -0.294080 0.658458
v -1.316255 -0.418223 0.582582
v -1.309276 -0.498758 0.611458
v -1.325814 -0.567033 0.660790
v -1.363351 -0.612652 0.723066
v -1.416172 -0.628672 0.788805
v -1.476237 -0.612652 0.848000
v -1.534401 -0.567033 0.891639
v -1.581808 -0.498758 0.913078
v -1.611242 -0.418223 0.909052
v -1.618221 -0.337688 0.880176
v -1.601684 -0.269414 0.830845
v -1.564147 -0.223794 0.768569
v -1.511325 -0.207775 0.702829
v -1.451260 -0.223794 0.643634
v -1.393097 -0.269414 0.599995
v -1.345689 -0.337688 0.578557
v -1.408647 -0.457308 0.494124
v -1.406221 -0.538971 0.520464
v -1.428038 -0.608201 0.566287
v -1.470775 -0.654459 0.624615
v -1.527927 -0.670703 0.686569
v -1.590791 -0.654459 0.742718
v -1.649799 -0.608201 0.784512
v -1.695966 -0.538971 0.805589
v -1.722264 -0.457308 0.802741
v -1.724689 -0.375646 0.776401
v -1.702872 -0.306416 0.730579
v -1.660135 -0.260157 0.672250
v -1.602984 -0.243914 0.610296
v -1.540119 -0.260157 0.554148
v -1.481111 -0.306416 0.512354
v -1.434945 -0.375646 0.491276
v -1.498053 -0.490054 0.397177
v -1.500089 -0.572652 0.420455
v -1.527177 -0.642675 0.462065
v -1.575192 -0.689463 0.515674
v -1.636825 -0.705893 0.573119
v -1.702692 -0.689463 0.625655
v -1.762766 -0.642675 0.665284
v -1.807901 -0.572652 0.685973
v -1.831226 -0.490054 0.684571
v -1.829189 -0.407455 0.661293
v -1.802101 -0.337432 0.619683
v -1.754086 -0.290644 0.566074
v -1.692454 -0.274214 0.508629
v -1.626586 -0.290644 0.456093
v -1.566512 -0.337432 0.416464
v -1.521377 -0.407455 0.395775
v -1.583146 -0.516005 0.291106
v -1.589364 -0.599323 0.310801
v -1.621504 -0.669957 0.347494
v -1.674673 -0.717153 0.395598
v -1.740777 -0.733726 0.447791
v -1.809752 -0.717153 0.496125
v -1.871097 -0.669957 0.533244
v -1.915473 -0.599323 0.553495
v -1.936124 -0.516005 0.553796
v -1.929907 -0.432687 0.534101
v -1.897767 -0.362053 0.497408
v -1.844597 -0.314858 0.449304
v -1.778493 -0.298285 0.397111
v -1.709518 -0.314858 0.348777
v -1.648173 -0.362053 0.311658
v -1.603797 -0.432687 0.291407
v -1.662402 -0.534803 0.175548
v -1.672348 -0.618620 0.191180
v -1.709121 -0.689676 0.222280
v -1.767123 -0.737154 0.264114
v -1.837524 -0.753826 0.310312
v -1.909605 -0.737154 0.353842
v -1.972392 -0.689676 0.388076
v -2.016328 -0.618620 0.407803
v -2.034723 -0.534803 0.410019
v -2.024777 -0.450987 0.394387
v -1.988004 -0.379931 0.363287
v -1.930002 -0.332453 0.321453
v -1.859601 -0.315781 0.275255
v -1.787520 -0.332453 0.231725
v -1.724733 -0.379931 0.197491
v -1.680797 -0.450987 0.177764
v -1.734147 -0.546188 0.050452
v -1.747220 -0.630289 0.061614
v -1.788027 -0.701586 0.086513
v -1.850355 -0.749225 0.121358
v -1.924715 -0.765954 0.160845
v -1.999786 -0.749225 0.198962
v -2.064140 -0.701586 0.229906
v -2.107980 -0.630289 0.248966
v -2.124630 -0.546188 0.253240
v -2.111556 -0.462087 0.242078
v -2.070750 -0.390789 0.217179
v -2.008422 -0.343150 0.182334
v -1.934062 -0.326421 0.142847
v -1.858990 -0.343150 0.104731
v -1.794636 -0.390789 0.073787
v -1.750797 -0.462087 0.054727
v -1.796623 -0.550000 -0.083893
v -1.812105 -0.634190 -0.077507
v -1.856191 -0.705563 -0.059321
v -1.922171 -0.753253 -0.032104
v -2.000000 -0.770000 0.000000
v -2.077829 -0.753253 0.032104
v -2.143809 -0.705563 0.059321
v -2.187895 -0.634190 0.077507
v -2.203377 -0.550000 0.083893
v -2.187895 -0.465810 0.077507
v -2.143809 -0.394437 0.059321
v -2.077829 -0.346747 0.032104
v -2.000000 -0.330000 0.000000
v -1.922171 -0.346747 -0.032104
v -1.856191 -0.394437 -0.059321
v -1.812105 -0.465810 -0.077507
v -1.848056 -0.546188 -0.226840
v -1.865141 -0.630298 -0.225412
v -1.911629 -0.701603 -0.214329
v -1.980444 -0.749248 -0.195278
v -2.061109 -0.765978 -0.171159
v -2.141344 -0.749248 -0.145644
v -2.208932 -0.701603 -0.122618
v -2.253586 -0.630298 -0.105586
v -2.268506 -0.546188 -0.097140
v -2.251421 -0.462077 -0.098568
v -2.204932 -0.390772 -0.109651
v -2.136118 -0.343128 -0.128703
v -2.055453 -0.326397 -0.152822
v -1.975218 -0.343128 -0.178337
v -1.907630 -0.390772 -0.201363
v -1.862976 -0.462077 -0.218395
v -1.886724 -0.534803 -0.377386
v -1.904560 -0.618694 -0.380961
v -1.952484 -0.689812 -0.377227
v -2.023199 -0.737332 -0.366753
v -2.105940 -0.754019 -0.351133
v -2.188110 -0.737332 -0.332746
v -2.257199 -0.689812 -0.314391
v -2.302691 -0.618694 -0.298862
v -2.317657 -0.534803 -0.288523
v -2.299821 -0.450913 -0.284948
v -2.251898 -0.379795 -0.288682
v -2.181183 -0.332275 -0.299156
v -2.098442 -0.315588 -0.314775
v -2.016272 -0.332275 -0.333162
v -1.947182 -0.379795 -0.351518
v -1.901691 -0.450913 -0.367047
v -1.911034 -0.516005 -0.534181
v -1.928757 -0.599567 -0.542657
v -1.977094 -0.670407 -0.546364
v -2.048685 -0.717740 -0.544737
v -2.132632 -0.734362 -0.538025
v -2.216155 -0.717740 -0.527248
v -2.286538 -0.670407 -0.514049
v -2.333065 -0.599567 -0.500435
v -2.348655 -0.516005 -0.488480
v -2.330932 -0.432444 -0.480004
v -2.282595 -0.361604 -0.476297
v -2.211004 -0.314270 -0.477924
v -2.127057 -0.297649 -0.484636
v -2.043534 -0.314270 -0.495412
v -1.973151 -0.361604 -0.508612
v -1.926623 -0.432444 -0.522226
v -1.919587 -0.490054 -0.695557
v -1.936355 -0.573209 -0.708689
v -1.984064 -0.643705 -0.719766
v -2.055449 -0.690809 -0.727103
v -2.139644 -0.707349 -0.729581
v -2.223830 -0.690809 -0.726825
v -2.295190 -0.643705 -0.719253
v -2.342862 -0.573209 -0.708018
v -2.359587 -0.490054 -0.694831
v -2.342818 -0.406898 -0.681699
v -2.295110 -0.336402 -0.670621
v -2.223725 -0.289298 -0.663285
v -2.139530 -0.272758 -0.660806
v -2.055344 -0.289298 -0.663563
v -1.983983 -0.336402 -0.671135
v -1.936312 -0.406898 -0.682370
v -1.911241 -0.457308 -0.859568
v -1.926269 -0.540011 -0.876973
v -1.972324 -0.610122 -0.895189
v -2.042392 -0.656970 -0.911442
v -2.125808 -0.673420 -0.923260
v -2.209872 -0.656970 -0.928841
v -2.281785 -0.610122 -0.927338
v -2.330600 -0.540011 -0.918977
v -2.348885 -0.457308 -0.905034
v -2.333857 -0.374606 -0.887629
v -2.287803 -0.304494 -0.869413
v -2.217734 -0.257647 -0.853160
v -2.134318 -0.241197 -0.841342
v -2.050255 -0.257647 -0.835761
v -1.978341 -0.304494 -0.837264
v -1.929526 -0.374606 -0.845625
v -1.885163 -0.418223 -1.024040
v -1.897752 -0.500453 -1.045211
v -1.941174 -0.570164 -1.070177
v -2.008818 -0.616744 -1.095139
v -2.090386 -0.633101 -1.116296
v -2.173460 -0.616744 -1.130426
v -2.245392 -0.570164 -1.135379
v -2.295232 -0.500453 -1.130401
v -2.315392 -0.418223 -1.116250
v -2.302803 -0.335993 -1.095079
v -2.259381 -0.266282 -1.070112
v -2.191737 -0.219703 -1.045150
v -2.110169 -0.203346 -1.023994
v -2.027095 -0.219703 -1.009863
v -1.955163 -0.266282 -1.004910
v -1.905323 -0.335993 -1.009888
v -1.840873 -0.373340 -1.186630
v -1.850435 -0.455104 -1.210956
v -1.890324 -0.524420 -1.242143
v -1.954468 -0.570735 -1.275443
v -2.033101 -0.586999 -1.305787
v -2.114253 -0.570735 -1.328554
v -2.185568 -0.524420 -1.340279
v -2.236190 -0.455104 -1.339177
v -2.258412 -0.373340 -1.325415
v -2.248850 -0.291577 -1.301089
v -2.208961 -0.222261 -1.269902
v -2.144817 -0.175946 -1.236602
v -2.066183 -0.159682 -1.206258
v -1.985032 -0.175946 -1.183491
v -1.913716 -0.222261 -1.171766
v -1.863095 -0.291577 -1.172868
v -1.778273 -0.323282 -1.344895
v -1.784350 -0.404607 -1.371686
v -1.819910 -0.473551 -1.408437
v -1.879540 -0.519618 -1.449553
v -1.954161 -0.535795 -1.488775
v -2.032414 -0.519618 -1.520132
v -2.102385 -0.473551 -1.538850
v -2.153422 -0.404607 -1.542079
v -2.177754 -0.323282 -1.529327
v -2.171678 -0.241957 -1.502536
v -2.136118 -0.173012 -1.465785
v -2.076488 -0.126945 -1.424669
v -2.001866 -0.110769 -1.385447
v -1.923613 -0.126945 -1.354090
v -1.853642 -0.173012 -1.335372
v -1.802606 -0.241957 -1.332143
v -1.697664 -0.268742 -1.496362
v -1.699943 -0.349676 -1.524874
v -1.730503 -0.418289 -1.566429
v -1.784693 -0.464134 -1.614701
v -1.854261 -0.480233 -1.662340
v -1.928617 -0.464134 -1.702095
v -1.996441 -0.418289 -1.727913
v -2.047407 -0.349676 -1.735863
v -2.073757 -0.268742 -1.724735
v -2.071477 -0.187807 -1.696223
v -2.040917 -0.119195 -1.654668
v -1.986728 -0.073349 -1.606397
v -1.917159 -0.057250 -1.558757
v -1.842803 -0.073349 -1.519002
v -1.774979 -0.119195 -1.493184
v -1.724013 -0.187807 -1.485234
v -1.599745 -0.210476 -1.638601
v -1.598068 -0.291082 -1.668068
v -1.623102 -0.359417 -1.713589
v -1.671035 -0.405076 -1.768234
v -1.734571 -0.421110 -1.823683
v -1.804036 -0.405076 -1.871495
v -1.868855 -0.359417 -1.904391
v -1.919160 -0.291082 -1.917363
v -1.947292 -0.210476 -1.908436
v -1.948969 -0.129870 -1.878969
v -1.923935 -0.061535 -1.833448
v -1.876001 -0.015876 -1.778803
v -1.812466 0.000158 -1.723354
v -1.743001 -0.015876 -1.675542
v -1.678182 -0.061535 -1.642646
v -1.627877 -0.129870 -1.629674
v -1.485606 -0.149292 -1.769296
v -1.479970 -0.229646 -1.798961
v -1.499105 -0.297766 -1.847561
v -1.540099 -0.343283 -1.907696
v -1.596709 -0.359266 -1.970212
v -1.660319 -0.343283 -2.025591
v -1.721243 -0.297766 -2.065402
v -1.770207 -0.229646 -2.083585
v -1.799757 -0.149292 -2.077370
v -1.805393 -0.068939 -2.047705
v -1.786258 -0.000819 -1.999105
v -1.745265 0.044698 -1.938970
v -1.688654 0.060681 -1.876454
v -1.625044 0.044698 -1.821075
v -1.564120 -0.000819 -1.781264
v -1.515156 -0.068939 -1.763082
v -1.356705 -0.086039 -1.886314
v -1.347256 -0.166224 -1.915460
v -1.360280 -0.234202 -1.966232
v -1.393794 -0.279623 -2.030902
v -1.442696 -0.295573 -2.099623
v -1.499542 -0.279623 -2.161934
v -1.555677 -0.234202 -2.208348
v -1.602555 -0.166224 -2.231799
v -1.633039 -0.086039 -2.228717
v -1.642489 -0.005854 -2.199570
v -1.629465 0.062124 -2.148798
v -1.595951 0.107545 -2.084128
v -1.547048 0.123495 -2.015407
v -1.490202 0.107545 -1.953096
v -1.434067 0.062124 -1.906683
v -1.387190 -0.005854 -1.883232
v -1.214827 -0.021593 -1.987765
v -1.201848 -0.101701 -2.015744
v -1.208707 -0.169613 -2.067795
v -1.234359 -0.214990 -2.135996
v -1.274898 -0.230924 -2.209963
v -1.324154 -0.214990 -2.278435
v -1.374627 -0.169613 -2.330988
v -1.418633 -0.101701 -2.359622
v -1.449473 -0.021593 -2.359976
v -1.462451 0.058515 -2.331998
v -1.455593 0.126427 -2.279946
v -1.429941 0.171804 -2.211746
v -1.389401 0.187738 -2.137779
v -1.340146 0.171804 -2.069307
v -1.289673 0.126427 -2.016753
v -1.245666 0.058515 -1.988120
v -1.062038 0.043153 -2.072062
v -1.045935 -0.036971 -2.098319
v -1.046727 -0.104896 -2.150797
v -1.064292 -0.150282 -2.221508
v -1.095957 -0.166220 -2.299686
v -1.136901 -0.150282 -2.373429
v -1.180891 -0.104896 -2.431511
v -1.221229 -0.036971 -2.465088
v -1.251774 0.043153 -2.469050
v -1.267877 0.123276 -2.442793
v -1.267085 0.191201 -2.390315
v -1.249520 0.236587 -2.319604
v -1.217855 0.252525 -2.241426
v -1.176911 0.236587 -2.167683
v -1.132921 0.191201 -2.109601
v -1.092583 0.123276 -2.076024
v -0.900633 0.107300 -2.137957
v -0.881909 0.027068 -2.162057
v -0.876869 -0.040949 -2.214179
v -0.886282 -0.086396 -2.286390
v -0.908714 -0.102355 -2.367695
v -0.940750 -0.086396 -2.445718
v -0.977512 -0.040949 -2.508578
v -1.013405 0.027068 -2.546708
v -1.042964 0.107300 -2.554301
v -1.061688 0.187531 -2.530202
v -1.066728 0.255548 -2.478079
v -1.057315 0.300996 -2.405869
v -1.034883 0.316955 -2.324563
v -1.002848 0.300996 -2.246541
v -0.966085 0.255548 -2.183680
v -0.930192 0.187531 -2.145551
v -0.733070 0.169959 -2.184586
v -0.712297 0.089531 -2.206224
v -0.701783 0.021347 -2.257301
v -0.703126 -0.024213 -2.330040
v -0.716124 -0.040211 -2.413368
v -0.738796 -0.024213 -2.494599
v -0.767692 0.021347 -2.561366
v -0.798412 0.089531 -2.603505
v -0.826280 0.169959 -2.614600
v -0.847052 0.250388 -2.592962
v -0.857567 0.318572 -2.541885
v -0.856224 0.364131 -2.469145
v -0.843226 0.380129 -2.385817
v -0.820554 0.364131 -2.304586
v -0.791658 0.318572 -2.237819
v -0.760937 0.250388 -2.195681
v -0.561900 0.230263 -2.211480
v -0.539695 0.149555 -2.230498
v -0.524157 0.081135 -2.279951
v -0.517653 0.035417 -2.352312
v -0.521172 0.019364 -2.436564
v -0.534179 0.035417 -2.519880
v -0.554693 0.081135 -2.589576
v -0.579591 0.149555 -2.635042
v -0.605084 0.230263 -2.649356
v -0.627289 0.310971 -2.630338
v -0.642826 0.379391 -2.580885
v -0.649330 0.425108 -2.508524
v -0.645811 0.441162 -2.424272
v -0.632805 0.425108 -2.340956
v -0.612291 0.379391 -2.271260
v -0.587392 0.310971 -2.225794
v -0.389699 0.287374 -2.218583
v -0.366687 0.206316 -2.234968
v -0.346651 0.137598 -2.282348
v -0.332640 0.091682 -2.353509
v -0.326788 0.075559 -2.437618
v -0.329985 0.091682 -2.521869
v -0.341744 0.137598 -2.593436
v -0.360277 0.206316 -2.641425
v -0.382760 0.287374 -2.658528
v -0.405771 0.368433 -2.642142
v -0.425808 0.437150 -2.594762
v -0.439818 0.483066 -2.523601
v -0.445671 0.499190 -2.439493
v -0.442474 0.483066 -2.355241
v -0.430714 0.437150 -2.283674
v -0.412182 0.368433 -2.235686
v -0.218993 0.340502 -2.206241
v -0.195782 0.259035 -2.220128
v -0.171814 0.189970 -2.265118
v -0.150737 0.143823 -2.334361
v -0.135761 0.127618 -2.417317
v -0.129165 0.143823 -2.501354
v -0.131953 0.189970 -2.573681
v -0.143701 0.259035 -2.623285
v -0.162621 0.340502 -2.642614
v -0.185831 0.421969 -2.628727
v -0.209799 0.491033 -2.583737
v -0.230876 0.537180 -2.514494
v -0.245852 0.553385 -2.431538
v -0.252449 0.537180 -2.347501
v -0.249660 0.491033 -2.275174
v -0.237912 0.421969 -2.225570
v -0.052190 0.388909 -2.175189
v -0.029339 0.306992 -2.186847
v -0.002021 0.237546 -2.229268
v 0.025604 0.191144 -2.295992
v 0.049331 0.174849 -2.376862
v 0.065548 0.191144 -2.459566
v 0.071786 0.237546 -2.531514
v 0.067095 0.306992 -2.581750
v 0.052190 0.388909 -2.602629
v 0.029339 0.470826 -2.590970
v 0.002021 0.540271 -2.548550
v -0.025604 0.586674 -2.481825
v -0.049331 0.602968 -2.400955
v -0.065548 0.586674 -2.318251
v -0.071786 0.540271 -2.246304
v -0.067095 0.470826 -2.196067
v 0.108487 0.431924 -2.126519
v 0.130493 0.349536 -2.136339
v 0.160588 0.279691 -2.176143
v 0.194192 0.233022 -2.239871
v 0.226189 0.216634 -2.317821
v 0.251707 0.233022 -2.398125
v 0.266861 0.279691 -2.468558
v 0.269345 0.349536 -2.518397
v 0.258780 0.431924 -2.540055
v 0.236775 0.514312 -2.530234
v 0.206679 0.584157 -2.490430
v 0.173075 0.630826 -2.426702
v 0.141078 0.647214 -2.348753
v 0.115560 0.630826 -2.268449
v 0.100406 0.584157 -2.198016
v 0.097922 0.514312 -2.148177
v 0.261058 0.468952 -2.061637
v 0.281828 0.386095 -2.070112
v 0.314167 0.315852 -2.107376
v 0.353152 0.268918 -2.167755
v 0.392849 0.252437 -2.242059
v 0.427214 0.268918 -2.318974
v 0.451015 0.315852 -2.386790
v 0.460628 0.386095 -2.435185
v 0.454590 0.468952 -2.456789
v 0.433821 0.551809 -2.448314
v 0.401481 0.622052 -2.411050
v 0.362496 0.668986 -2.350670
v 0.322799 0.685468 -2.276367
v 0.288434 0.668986 -2.199452
v 0.264634 0.622052 -2.131635
v 0.255021 0.551809 -2.083241
v 0.403838 0.499479 -1.982210
v 0.423092 0.416181 -1.989909
v 0.457197 0.345565 -2.024818
v 0.500962 0.298381 -2.081622
v 0.547723 0.281812 -2.151675
v 0.590362 0.298381 -2.224310
v 0.622387 0.345565 -2.288470
v 0.638922 0.416181 -2.334387
v 0.637451 0.499479 -2.355071
v 0.618197 0.582776 -2.347372
v 0.584092 0.653393 -2.312463
v 0.540327 0.700577 -2.255659
v 0.493566 0.717146 -2.185606
v 0.450927 0.700577 -2.112971
v 0.418902 0.653393 -2.048811
v 0.402367 0.582776 -2.002894
v 0.535475 0.523081 -1.890106
v 0.553055 0.439400 -1.897648
v 0.588523 0.368458 -1.930477
v 0.636479 0.321057 -1.983597
v 0.689624 0.304412 -2.048920
v 0.739865 0.321057 -2.116501
v 0.779554 0.368458 -2.176052
v 0.802649 0.439400 -2.218507
v 0.805634 0.523081 -2.237402
v 0.788054 0.606762 -2.229860
v 0.752586 0.677704 -2.197031
v 0.704629 0.725105 -2.143911
v 0.651485 0.741750 -2.078588
v 0.601244 0.725105 -2.011007
v 0.561555 0.677704 -1.951456
v 0.538460 0.606762 -1.909001
v 0.654976 0.539432 -1.787323
v 0.670847 0.455455 -1.795347
v 0.707360 0.384262 -1.826443
v 0.758955 0.336693 -1.875875
v 0.817777 0.319989 -1.936120
v 0.874872 0.336693 -1.998004
v 0.921547 0.384262 -2.052106
v 0.950696 0.455455 -2.090191
v 0.957882 0.539432 -2.106459
v 0.942010 0.623409 -2.098435
v 0.905498 0.694601 -2.067339
v 0.853903 0.742171 -2.017907
v 0.795080 0.758875 -1.957663
v 0.737985 0.742171 -1.895779
v 0.691310 0.694601 -1.841676
v 0.662161 0.623409 -1.803591
v 0.761720 0.548305 -1.675917
v 0.775970 0.464151 -1.685056
v 0.813299 0.392808 -1.714808
v 0.868026 0.345139 -1.760646
v 0.931818 0.328399 -1.815590
v 0.994964 0.345139 -1.871276
v 1.047849 0.392808 -1.919226
v 1.082424 0.464151 -1.952140
v 1.093424 0.548305 -1.965007
v 1.079174 0.632459 -1.955869
v 1.041844 0.703801 -1.926116
v 0.987118 0.751470 -1.880278
v 0.923326 0.768210 -1.825334
v 0.860180 0.751470 -1.769649
v 0.807294 0.703801 -1.721699
v 0.772720 0.632459 -1.688785
v 0.855460 0.549576 -1.557931
v 0.868283 0.465395 -1.568777
v 0.906292 0.394030 -1.597601
v 0.963700 0.346346 -1.640015
v 1.031767 0.329601 -1.689563
v 1.100130 0.346346 -1.738700
v 1.158383 0.394030 -1.779947
v 1.197656 0.465395 -1.807023
v 1.211970 0.549576 -1.815808
v 1.199147 0.633757 -1.804962
v 1.161138 0.705122 -1.776138
v 1.103730 0.752806 -1.733723
v 1.035663 0.769551 -1.684176
v 0.967300 0.752806 -1.635038
v 0.909047 0.705122 -1.593792
v 0.869774 0.633757 -1.566715
v 0.936300 0.543229 -1.435320
v 0.947984 0.459200 -1.448401
v 0.986616 0.387964 -1.476711
v 1.046316 0.340365 -1.515938
v 1.117994 0.323651 -1.560112
v 1.190739 0.340365 -1.602506
v 1.253475 0.387964 -1.636668
v 1.296652 0.459200 -1.657396
v 1.313696 0.543229 -1.661534
v 1.302012 0.627257 -1.648453
v 1.263380 0.698494 -1.620143
v 1.203680 0.746092 -1.580916
v 1.132002 0.762806 -1.536742
v 1.059257 0.746092 -1.494348
v 0.996521 0.698494 -1.460186
v 0.953344 0.627257 -1.439458
v 1.004676 0.529350 -1.309886
v 1.015572 0.445676 -1.325644
v 1.054841 0.374740 -1.353831
v 1.116504 0.327342 -1.390156
v 1.191174 0.310698 -1.429090
v 1.267482 0.327342 -1.464705
v 1.333813 0.374740 -1.491579
v 1.380066 0.445676 -1.505621
v 1.399202 0.529350 -1.504692
v 1.388305 0.613025 -1.488935
v 1.349036 0.683961 -1.460748
v 1.287373 0.731359 -1.424422
v 1.212703 0.748003 -1.385488
v 1.136395 0.731359 -1.349873
v 1.070064 0.683961 -1.322999
v 1.023811 0.613025 -1.308958
v 1.061303 0.508134 -1.183221
v 1.071800 0.425031 -1.201988
v 1.111769 0.354580 -1.230407
v 1.175124 0.307506 -1.264150
v 1.252221 0.290976 -1.298082
v 1.331321 0.307506 -1.327036
v 1.400384 0.354580 -1.346603
v 1.448894 0.425031 -1.353806
v 1.469466 0.508134 -1.347548
v 1.458969 0.591237 -1.328781
v 1.419000 0.661688 -1.300362
v 1.355645 0.708762 -1.266619
v 1.278549 0.725292 -1.232687
v 1.199448 0.708762 -1.203734
v 1.130386 0.661688 -1.184166
v 1.081876 0.591237 -1.176963
v 1.107137 0.479873 -1.056657
v 1.117624 0.397563 -1.078648
v 1.158383 0.327785 -1.107599
v 1.223207 0.281160 -1.139102
v 1.302228 0.264788 -1.168361
v 1.383415 0.281160 -1.190922
v 1.454409 0.327785 -1.203350
v 1.504402 0.397563 -1.203752
v 1.525782 0.479873 -1.192068
v 1.515294 0.562182 -1.170077
v 1.474536 0.631961 -1.141125
v 1.409712 0.678585 -1.109622
v 1.330691 0.694958 -1.080363
v 1.249503 0.678585 -1.057803
v 1.178509 0.631961 -1.045375
v 1.128517 0.562182 -1.044973
v 1.143305 0.444959 -0.931231
v 1.154139 0.363653 -0.956537
v 1.195779 0.294725 -0.986259
v 1.261887 0.248669 -1.015874
v 1.342398 0.232496 -1.040872
v 1.425055 0.248669 -1.057448
v 1.497274 0.294725 -1.063078
v 1.548060 0.363653 -1.056905
v 1.569682 0.444959 -1.039869
v 1.558848 0.526266 -1.014564
v 1.517208 0.595194 -0.984841
v 1.451100 0.641250 -0.955226
v 1.370589 0.657423 -0.930228
v 1.287932 0.641250 -0.913652
v 1.215713 0.595194 -0.908022
v 1.164927 0.526266 -0.914195
v 1.171051 0.403877 -0.807673
v 1.182521 0.323754 -0.836258
v 1.225114 0.255828 -0.866924
v 1.292346 0.210442 -0.895002
v 1.373982 0.194504 -0.916218
v 1.457592 0.210442 -0.927342
v 1.530449 0.255828 -0.926680
v 1.581460 0.323754 -0.914333
v 1.602859 0.403877 -0.892181
v 1.591389 0.484001 -0.863597
v 1.548796 0.551927 -0.832931
v 1.481564 0.597313 -0.804853
v 1.399929 0.613251 -0.783636
v 1.316318 0.597313 -0.772513
v 1.243462 0.551927 -0.773174
v 1.192451 0.484001 -0.785521
v 1.191671 0.357196 -0.686401
v 1.203975 0.278383 -0.718111
v 1.247550 0.211568 -0.749821
v 1.315760 0.166924 -0.776703
v 1.398223 0.151247 -0.794666
v 1.482383 0.166924 -0.800973
v 1.555428 0.211568 -0.794666
v 1.606237 0.278383 -0.776704
v 1.627076 0.357196 -0.749822
v 1.614772 0.436010 -0.718112
v 1.571197 0.502825 -0.686402
v 1.502987 0.547469 -0.659520
v 1.420524 0.563146 -0.641557
v 1.336364 0.547469 -0.635250
v 1.263319 0.502825 -0.641557
v 1.212510 0.436010 -0.659519
v 1.206448 0.305564 -0.567546
v 1.219680 0.228115 -0.602116
v 1.264211 0.162458 -0.634897
v 1.333259 0.118587 -0.660898
v 1.416315 0.103181 -0.676160
v 1.500732 0.118587 -0.678361
v 1.573660 0.162458 -0.667165
v 1.623995 0.228115 -0.644276
v 1.644075 0.305564 -0.613179
v 1.630842 0.383012 -0.578609
v 1.586312 0.448670 -0.545828
v 1.517263 0.492541 -0.519827
v 1.434208 0.507946 -0.504565
v 1.349790 0.492541 -0.502364
v 1.276863 0.448670 -0.513561
v 1.226528 0.383012 -0.536449
v 1.216599 0.249695 -0.450988
v 1.230751 0.173574 -0.488053
v 1.276157 0.109042 -0.521852
v 1.345905 0.065923 -0.547239
v 1.429375 0.050782 -0.560350
v 1.513861 0.065923 -0.559187
v 1.586500 0.109042 -0.543929
v 1.636233 0.173574 -0.516898
v 1.655490 0.249695 -0.482210
v 1.641338 0.325815 -0.445145
v 1.595932 0.390347 -0.411346
v 1.526184 0.433466 -0.385959
v 1.442714 0.448608 -0.372849
v 1.358228 0.433466 -0.374011
v 1.285589 0.390347 -0.389269
v 1.235855 0.325815 -0.416300
v 1.223220 0.190364 -0.336419
v 1.238202 0.115431 -0.375521
v 1.284362 0.051905 -0.410194
v 1.354672 0.009458 -0.435159
v 1.438428 -0.005447 -0.446617
v 1.522878 0.009458 -0.442823
v 1.595167 0.051905 -0.424353
v 1.644288 0.115431 -0.394021
v 1.662764 0.190364 -0.356444
v 1.647781 0.265298 -0.317343
v 1.601622 0.328824 -0.282670
v 1.531312 0.371270 -0.257704
v 1.447556 0.386176 -0.246246
v 1.363106 0.371270 -0.250041
v 1.290817 0.328824 -0.268510
v 1.241696 0.265298 -0.298842
v 1.227234 0.128395 -0.223403
v 1.242915 0.054403 -0.263996
v 1.289690 -0.008324 -0.299293
v 1.360438 -0.050237 -0.323920
v 1.444389 -0.064955 -0.334128
v 1.528760 -0.050237 -0.328362
v 1.600709 -0.008324 -0.307501
v 1.649281 0.054403 -0.274721
v 1.667081 0.128395 -0.235011
v 1.651400 0.202387 -0.194418
v 1.604625 0.265114 -0.159121
v 1.533877 0.307027 -0.134494
v 1.449926 0.321744 -0.124287
v 1.365555 0.307027 -0.130052
v 1.293606 0.265114 -0.150913
v 1.245034 0.202387 -0.183694
v 1.229346 0.064646 -0.111438
v 1.245599 -0.008739 -0.152899
v 1.292868 -0.070952 -0.188447
v 1.363957 -0.112521 -0.212671
v 1.448043 -0.127118 -0.221884
v 1.532326 -0.112521 -0.214682
v 1.603973 -0.070952 -0.192162
v 1.652077 -0.008739 -0.157752
v 1.669315 0.064646 -0.116691
v 1.653062 0.138030 -0.075231
v 1.605793 0.200243 -0.039682
v 1.534704 0.241812 -0.015458
v 1.450618 0.256409 -0.006246
v 1.366336 0.241812 -0.013448
v 1.294689 0.200243 -0.035968
v 1.246584 0.138030 -0.070378
v 1.230000 0.000000 -0.000000
v 1.246747 -0.073175 -0.041634
v 1.294437 -0.135210 -0.076930
v 1.365810 -0.176661 -0.100514
v 1.450000 -0.191216 -0.108795
v 1.534190 -0.176661 -0.100514
v 1.605563 -0.135210 -0.076930
v 1.653253 -0.073175 -0.041634
v 1.670000 0.000000 -0.000000
v 1.653253 0.073175 0.041634
v 1.605563 0.135210 0.076930
v 1.534190 0.176661 0.100514
v 1.450000 0.191216 0.108795
v 1.365810 0.176661 0.100514
v 1.294437 0.135210 0.076930
v 1.246747 0.073175 0.041634
v 1.229346 -0.064646 0.111438
v 1.246584 -0.138030 0.070378
v 1.294689 -0.200243 0.035968
v 1.366336 -0.241812 0.013448
v 1.450618 -0.256409 0.006246
v 1.534704 -0.241812 0.015458
v 1.605793 -0.200243 0.039682
v 1.653062 -0.138030 0.075231
v 1.669315 -0.064646 0.116691
v 1.652077 0.008739 0.157752
v 1.603973 0.070952 0.192162
v 1.532326 0.112521 0.214682
v 1.448043 0.127118 0.221884
v 1.363957 0.112521 0.212671
v 1.292868 0.070952 0.188447
v 1.245599 0.008739 0.152899
v 1.227234 -0.128395 0.223403
v 1.245034 -0.202387 0.183694
v 1.293606 -0.265114 0.150913
v 1.365555 -0.307027 0.130052
v 1.449926 -0.321744 0.124287
v 1.533877 -0.307027 0.134494
v 1.604625 -0.265114 0.159121
v 1.651400 -0.202387 0.194418
v 1.667081 -0.128395 0.235011
v 1.649281 -0.054403 0.274721
v 1.600709 0.008324 0.307501
v 1.528760 0.050237 0.328362
v 1.444389 0.064955 0.334128
v 1.360438 0.050237 0.323920
v 1.289690 0.008324 0.299293
v 1.242915 -0.054403 0.263996
v 1.223220 -0.190364 0.336419
v 1.241696 -0.265298 0.298842
v 1.290817 -0.328824 0.268510
v 1.363106 -0.371270 0.250041
v 1.447556 -0.386176 0.246246
v 1.531312 -0.371270 0.257704
v 1.601622 -0.328824 0.282670
v 1.647781 -0.265298 0.317343
v 1.662764 -0.190364 0.356444
v 1.644288 -0.115431 0.394021
v 1.595167 -0.051905 0.424353
v 1.522878 -0.009458 0.442823
v 1.438428 0.005447 0.446617
v 1.354672 -0.009458 0.435159
v 1.284362 -0.051905 0.410194
v 1.238202 -0.115431 0.375521
v 1.216599 -0.249695 0.450988
v 1.235855 -0.325815 0.416300
v 1.285589 -0.390347 0.389269
v 1.358228 -0.433466 0.374011
v 1.442714 -0.448608 0.372849
v 1.526184 -0.433466 0.385959
v 1.595932 -0.390347 0.411346
v 1.641338 -0.325815 0.445145
v 1.655490 -0.249695 0.482210
v 1.636233 -0.173574 0.516898
v 1.586500 -0.109042 0.543929
v 1.513861 -0.065923 0.559187
v 1.429375 -0.050782 0.560350
v 1.345905 -0.065923 0.547239
v 1.276157 -0.109042 0.521852
v 1.230751 -0.173574 0.488053
v 1.206448 -0.305564 0.567546
v 1.226528 -0.383012 0.536449
v 1.276863 -0.448670 0.513561
v 1.349790 -0.492541 0.502364
v 1.434208 -0.507946 0.504565
v 1.517263 -0.492541 0.519827
v 1.586312 -0.448670 0.545828
v 1.630842 -0.383012 0.578609
v 1.644075 -0.305564 0.613179
v 1.623995 -0.228115 0.644276
v 1.573660 -0.162458 0.667165
v 1.500732 -0.118587 0.678361
v 1.416315 -0.103181 0.676160
v 1.333259 -0.118587 0.660898
v 1.264211 -0.162458 0.634897
v 1.219680 -0.228115 0.602116
v 1.191671 -0.357196 0.686401
v 1.212510 -0.436010 0.659519
v 1.263319 -0.502825 0.641557
v 1.336364 -0.547469 0.635250
v 1.420524 -0.563146 0.641557
v 1.502987 -0.547469 0.659520
v 1.571197 -0.502825 0.686402
v 1.614772 -0.436010 0.718112
v 1.627076 -0.357196 0.749822
v 1.606237 -0.278383 0.776704
v 1.555428 -0.211568 0.794666
v 1.482383 -0.166924 0.800973
v 1.398223 -0.151247 0.794666
v 1.315760 -0.166924 0.776703
v 1.247550 -0.211568 0.749821
v 1.203975 -0.278383 0.718111
v 1.171051 -0.403877 0.807673
v 1.192451 -0.484001 0.785521
v 1.243462 -0.551927 0.773174
v 1.316318 -0.597313 0.772513
v 1.399929 -0.613251 0.783636
v 1.481564 -0.597313 0.804853
v 1.548796 -0.551927 0.832931
v 1.591389 -0.484001 0.863597
v 1.602859 -0.403877 0.892181
v 1.581460 -0.323754 0.914333
v 1.530449 -0.255828 0.926680
v 1.457592 -0.210442 0.927342
v 1.373982 -0.194504 0.916218
v 1.292346 -0.210442 0.895002
v 1.225114 -0.255828 0.866924
v 1.182521 -0.323754 0.836258
v 1.143305 -0.444959 0.931231
v 1.164927 -0.526266 0.914195
v 1.215713 -0.595194 0.908022
v 1.287932 -0.641250 0.913652
v 1.370589 -0.657423 0.930228
v 1.451100 -0.641250 0.955226
v 1.517208 -0.595194 0.984841
v 1.558848 -0.526266 1.014564
v 1.569682 -0.444959 1.039869
v 1.548060 -0.363653 1.056905
v 1.497274 -0.294725 1.063078
v 1.425055 -0.248669 1.057448
v 1.342398 -0.232496 1.040872
v 1.261887 -0.248669 1.015874
v 1.195779 -0.294725 0.986259
v 1.154139 -0.363653 0.956537
v 1.107137 -0.479873 1.056657
v 1.128517 -0.562182 1.044973
v 1.178509 -0.631961 1.045375
v 1.249503 -0.678585 1.057803
v 1.330691 -0.694958 1.080363
v 1.409712 -0.678585 1.109622
v 1.474536 -0.631961 1.141125
v 1.515294 -0.562182 1.170077
v 1.525782 -0.479873 1.192068
v 1.504402 -0.397563 1.203752
v 1.454409 -0.327785 1.203350
v 1.383415 -0.281160 1.190922
v 1.302228 -0.264788 1.168361
v 1.223207 -0.281160 1.139102
v 1.158383 -0.327785 1.107599
v 1.117624 -0.397563 1.078648
v 1.061303 -0.508134 1.183221
v 1.081876 -0.591237 1.176963
v 1.130386 -0.661688 1.184166
v 1.199448 -0.708762 1.203734
v 1.278549 -0.725292 1.232687
v 1.355645 -0.708762 1.266619
v 1.419000 -0.661688 1.300362
v 1.458969 -0.591237 1.328781
v 1.469466 -0.508134 1.347548
v 1.448894 -0.425031 1.353806
v 1.400384 -0.354580 1.346603
v 1.331321 -0.307506 1.327036
v 1.252221 -0.290976 1.298082
v 1.175124 -0.307506 1.264150
v 1.111769 -0.354580 1.230407
v 1.071800 -0.425031 1.201988
v 1.004676 -0.529350 1.309886
v 1.023811 -0.613025 1.308958
v 1.070064 -0.683961 1.322999
v 1.136395 -0.731359 1.349873
v 1.212703 -0.748003 1.385488
v 1.287373 -0.731359 1.424422
v 1.349036 -0.683961 1.460748
v 1.388305 -0.613025 1.488935
v 1.399202 -0.529350 1.504692
v 1.380066 -0.445676 1.505621
v 1.333813 -0.374740 1.491579
v 1.267482 -0.327342 1.464705
v 1.191174 -0.310698 1.429090
v 1.116504 -0.327342 1.390156
v 1.054841 -0.374740 1.353831
v 1.015572 -0.445676 1.325644
v 0.936300 -0.543229 1.435320
v 0.953344 -0.627257 1.439458
v 0.996521 -0.698494 1.460186
v 1.059257 -0.746092 1.494348
v 1.132002 -0.762806 1.536742
v 1.203680 -0.746092 1.580916
v 1.263380 -0.698494 1.620143
v 1.302012 -0.627257 1.648453
v 1.313696 -0.543229 1.661534
v 1.296652 -0.459200 1.657396
v 1.253475 -0.387964 1.636668
v 1.190739 -0.340365 1.602506
v 1.117994 -0.323651 1.560112
v 1.046316 -0.340365 1.515938
v 0.986616 -0.387964 1.476711
v 0.947984 -0.459200 1.448401
v 0.855460 -0.549576 1.557931
v 0.869774 -0.633757 1.566715
v 0.909047 -0.705122 1.593792
v 0.967300 -0.752806 1.635038
v 1.035663 -0.769551 1.684176
v 1.103730 -0.752806 1.733723
v 1.161138 -0.705122 1.776138
v 1.199147 -0.633757 1.804962
v 1.211970 -0.549576 1.815808
v 1.197656 -0.465395 1.807023
v 1.158383 -0.394030 1.779947
v 1.100130 -0.346346 1.738700
v 1.031767 -0.329601 1.689563
v 0.963700 -0.346346 1.640015
v 0.906292 -0.394030 1.597601
v 0.868283 -0.465395 1.568777
v 0.761720 -0.548305 1.675917
v 0.772720 -0.632459 1.688785
v 0.807294 -0.703801 1.721699
v 0.860180 -0.751470 1.769649
v 0.923326 -0.768210 1.825334
v 0.987118 -0.751470 1.880278
v 1.041844 -0.703801 1.926116
v 1.079174 -0.632459 1.955869
v 1.093424 -0.548305 1.965007
v 1.082424 -0.464151 1.952140
v 1.047849 -0.392808 1.919226
v 0.994964 -0.345139 1.871276
v 0.931818 -0.328399 1.815590
v 0.868026 -0.345139 1.760646
v 0.813299 -0.392808 1.714808
v 0.775970 -0.464151 1.685056
v 0.654976 -0.539432 1.787323
v 0.662161 -0.623409 1.803591
v 0.691310 -0.694601 1.841676
v 0.737985 -0.742171 1.895779
v 0.795080 -0.758875 1.957663
v 0.853903 -0.742171 2.017907
v 0.905498 -0.694601 2.067339
v 0.942010 -0.623409 2.098435
v 0.957882 -0.539432 2.106459
v 0.950696 -0.455455 2.090191
v 0.921547 -0.384262 2.052106
v 0.874872 -0.336693 1.998004
v 0.817777 -0.319989 1.936120
v 0.758955 -0.336693 1.875875
v 0.707360 -0.384262 1.826443
v 0.670847 -0.455455 1.795347
v 0.535475 -0.523081 1.890106
v 0.538460 -0.606762 1.909001
v 0.561555 -0.677704 1.951456
v 0.601244 -0.725105 2.011007
v 0.651485 -0.741750 2.078588
v 0.704629 -0.725105 2.143911
v 0.752586 -0.677704 2.197031
v 0.788054 -0.606762 2.229860
v 0.805634 -0.523081 2.237402
v 0.802649 -0.439400 2.218507
v 0.779554 -0.368458 2.176052
v 0.739865 -0.321057 2.116501
v 0.689624 -0.304412 2.048920
v 0.636479 -0.321057 1.983597
v 0.588523 -0.368458 1.930477
v 0.553055 -0.439400 1.897648
v 0.403838 -0.499479 1.982210
v 0.402367 -0.582776 2.002894
v 0.418902 -0.653393 2.048811
v 0.450927 -0.700577 2.112971
v 0.493566 -0.717146 2.185606
v 0.540327 -0.700577 2.255659
v 0.584092 -0.653393 2.312463
v 0.618197 -0.582776 2.347372
v 0.637451 -0.499479 2.355071
v 0.638922 -0.416181 2.334387
v 0.622387 -0.345565 2.288470
v 0.590362 -0.298381 2.224310
v 0.547723 -0.281812 2.151675
v 0.500962 -0.298381 2.081622
v 0.457197 -0.345565 2.024818
v 0.423092 -0.416181 1.989909
v 0.261058 -0.468952 2.061637
v 0.255021 -0.551809 2.083241
v 0.264634 -0.622052 2.131635
v 0.288434 -0.668986 2.199452
v 0.322799 -0.685468 2.276367
v 0.362496 -0.668986 2.350670
v 0.401481 -0.622052 2.411050
v 0.433821 -0.551809 2.448314
v 0.454590 -0.468952 2.456789
v 0.460628 -0.386095 2.435185
v 0.451015 -0.315852 2.386790
v 0.427214 -0.268918 2.318974
v 0.392849 -0.252437 2.242059
v 0.353152 -0.268918 2.167755
v 0.314167 -0.315852 2.107376
v 0.281828 -0.386095 2.070112
v 0.108487 -0.431924 2.126519
v 0.097922 -0.514312 2.148177
v 0.100406 -0.584157 2.198016
v 0.115560 -0.630826 2.268449
v 0.141078 -0.647214 2.348753
v 0.173075 -0.630826 2.426702
v 0.206679 -0.584157 2.490430
v 0.236775 -0.514312 2.530234
v 0.258780 -0.431924 2.540055
v 0.269345 -0.349536 2.518397
v 0.266861 -0.279691 2.468558
v 0.251707 -0.233022 2.398125
v 0.226189 -0.216634 2.317821
v 0.194192 -0.233022 2.239871
v 0.160588 -0.279691 2.176143
v 0.130493 -0.349536 2.136339
v -0.052190 -0.388909 2.175189
v -0.067095 -0.470826 2.196067
v -0.071786 -0.540271 2.246304
v -0.065548 -0.586674 2.318251
v -0.049331 -0.602968 2.400955
v -0.025604 -0.586674 2.481825
v 0.002021 -0.540271 2.548550
v 0.029339 -0.470826 2.590970
v 0.052190 -0.388909 2.602629
v 0.067095 -0.306992 2.581750
v 0.071786 -0.237546 2.531514
v 0.065548 -0.191144 2.459566
v 0.049331 -0.174849 2.376862
v 0.025604 -0.191144 2.295992
v -0.002021 -0.237546 2.229268
v -0.029339 -0.306992 2.186847
v -0.218993 -0.340502 2.206241
v -0.237912 -0.421969 2.225570
v -0.249660 -0.491033 2.275174
v -0.252449 -0.537180 2.347501
v -0.245852 -0.553385 2.431538
v -0.230876 -0.537180 2.514494
v -0.209799 -0.491033 2.583737
v -0.185831 -0.421969 2.628727
v -0.162621 -0.340502 2.642614
v -0.143701 -0.259035 2.623285
v -0.131953 -0.189970 2.573681
v -0.129165 -0.143823 2.501354
v -0.135761 -0.127618 2.417317
v -0.150737 -0.143823 2.334361
v -0.171814 -0.189970 2.265118
v -0.195782 -0.259035 2.220128
v -0.389699 -0.287374 2.218583
v -0.412182 -0.368433 2.235686
v -0.430714 -0.437150 2.283674
v -0.442474 -0.483066 2.355241
v -0.445671 -0.499190 2.439493
v -0.439818 -0.483066 2.523601
v -0.425808 -0.437150 2.594762
v -0.405771 -0.368433 2.642142
v -0.382760 -0.287374 2.658528
v -0.360277 -0.206316 2.641425
v -0.341744 -0.137598 2.593436
v -0.329985 -0.091682 2.521869
v -0.326788 -0.075559 2.437618
v -0.332640 -0.091682 2.353509
v -0.346651 -0.137598 2.282348
v -0.366687 -0.206316 2.234968
v -0.561900 -0.230263 2.211480
v -0.587392 -0.310971 2.225794
v -0.612291 -0.379391 2.271260
v -0.632805 -0.425108 2.340956
v -0.645811 -0.441162 2.424272
v -0.649330 -0.425108 2.508524
v -0.642826 -0.379391 2.580885
v -0.627289 -0.310971 2.630338
v -0.605084 -0.230263 2.649356
v -0.579591 -0.149555 2.635042
v -0.554693 -0.081135 2.589576
v -0.534179 -0.035417 2.519880
v -0.521172 -0.019364 2.436564
v -0.517653 -0.035417 2.352312
v -0.524157 -0.081135 2.279951
v -0.539695 -0.149555 2.230498
v -0.733070 -0.169959 2.184586
v -0.760937 -0.250388 2.195681
v -0.791658 -0.318572 2.237819
v -0.820554 -0.364131 2.304586
v -0.843226 -0.380129 2.385817
v -0.856224 -0.364131 2.469145
v -0.857567 -0.318572 2.541885
v -0.847052 -0.250388 2.592962
v -0.826280 -0.169959 2.614600
v -0.798412 -0.089531 2.603505
v -0.767692 -0.021347 2.561366
v -0.738796 0.024213 2.494599
v -0.716124 0.040211 2.413368
v -0.703126 0.024213 2.330040
v -0.701783 -0.021347 2.257301
v -0.712297 -0.089531 2.206224
v -0.900633 -0.107300 2.137957
v -0.930192 -0.187531 2.145551
v -0.966085 -0.255548 2.183680
v -1.002848 -0.300996 2.246541
v -1.034883 -0.316955 2.324563
v -1.057315 -0.300996 2.405869
v -1.066728 -0.255548 2.478079
v -1.061688 -0.187531 2.530202
v -1.042964 -0.107300 2.554301
v -1.013405 -0.027068 2.546708
v -0.977512 0.040949 2.508578
v -0.940750 0.086396 2.445718
v -0.908714 0.102355 2.367695
v -0.886282 0.086396 2.286390
v -0.876869 0.040949 2.214179
v -0.881909 -0.027068 2.162057
v -1.062038 -0.043153 2.072062
v -1.092583 -0.123276 2.076024
v -1.132921 -0.191201 2.109601
v -1.176911 -0.236587 2.167683
v -1.217855 -0.252525 2.241426
v -1.249520 -0.236587 2.319604
v -1.267085 -0.191201 2.390315
v -1.267877 -0.123276 2.442793
v -1.251774 -0.043153 2.469050
v -1.221229 0.036971 2.465088
v -1.180891 0.104896 2.431511
v -1.136901 0.150282 2.373429
v -1.095957 0.166220 2.299686
v -1.064292 0.150282 2.221508
v -1.046727 0.104896 2.150797
v -1.045935 0.036971 2.098319
v -1.214827 0.021593 1.987765
v -1.245666 -0.058515 1.988120
v -1.289673 -0.126427 2.016753
v -1.340146 -0.171804 2.069307
v -1.389401 -0.187738 2.137779
v -1.429941 -0.171804 2.211746
v -1.455593 -0.126427 2.279946
v -1.462451 -0.058515 2.331998
v -1.449473 0.021593 2.359976
v -1.418633 0.101701 2.359622
v -1.374627 0.169613 2.330988
v -1.324154 0.214990 2.278435
v -1.274898 0.230924 2.209963
v -1.234359 0.214990 2.135996
v -1.208707 0.169613 2.067795
v -1.201848 0.101701 2.015744
v -1.356705 0.086039 1.886314
v -1.387190 0.005854 1.883232
v -1.434067 -0.062124 1.906683
v -1.490202 -0.107545 1.953096
v -1.547048 -0.123495 2.015407
v -1.595951 -0.107545 2.084128
v -1.629465 -0.062124 2.148798
v -1.642489 0.005854 2.199570
v -1.633039 0.086039 2.228717
v -1.602555 0.166224 2.231799
v -1.555677 0.234202 2.208348
v -1.499542 0.279623 2.161934
v -1.442696 0.295573 2.099623
v -1.393794 0.279623 2.030902
v -1.360280 0.234202 1.966232
v -1.347256 0.166224 1.915460
v -1.485606 0.149292 1.769296
v -1.515156 0.068939 1.763082
v -1.564120 0.000819 1.781264
v -1.625044 -0.044698 1.821075
v -1.688654 -0.060681 1.876454
v -1.745265 -0.044698 1.938970
v -1.786258 0.000819 1.999105
v -1.805393 0.068939 2.047705
v -1.799757 0.149292 2.077370
v -1.770207 0.229646 2.083585
v -1.721243 0.297766 2.065402
v -1.660319 0.343283 2.025591
v -1.596709 0.359266 1.970212
v -1.540099 0.343283 1.907696
v -1.499105 0.297766 1.847561
v -1.479970 0.229646 1.798961
v -1.599745 0.210476 1.638601
v -1.627877 0.129870 1.629674
v -1.678182 0.061535 1.642646
v -1.743001 0.015876 1.675542
v -1.812466 -0.000158 1.723354
v -1.876001 0.015876 1.778803
v -1.923935 0.061535 1.833448
v -1.948969 0.129870 1.878969
v -1.947292 0.210476 1.908436
v -1.919160 0.291082 1.917363
v -1.868855 0.359417 1.904391
v -1.804036 0.405076 1.871495
v -1.734571 0.421110 1.823683
v -1.671035 0.405076 1.768234
v -1.623102 0.359417 1.713589
v -1.598068 0.291082 1.668068
v -1.697664 0.268742 1.496362
v -1.724013 0.187807 1.485234
v -1.774979 0.119195 1.493184
v -1.842803 0.073349 1.519002
v -1.917159 0.057250 1.558757
v -1.986728 0.073349 1.606397
v -2.040917 0.119195 1.654668
v -2.071477 0.187807 1.696223
v -2.073757 0.268742 1.724735
v -2.047407 0.349676 1.735863
v -1.996441 0.418289 1.727913
v -1.928617 0.464134 1.702095
v -1.854261 0.480233 1.662340
v -1.784693 0.464134 1.614701
v -1.730503 0.418289 1.566429
v -1.699943 0.349676 1.524874
v -1.778273 0.323282 1.344895
v -1.802606 0.241957 1.332143
v -1.853642 0.173012 1.335372
v -1.923613 0.126945 1.354090
v -2.001866 0.110769 1.385447
v -2.076488 0.126945 1.424669
v -2.136118 0.173012 1.465785
v -2.171678 0.241957 1.502536
v -2.177754 0.323282 1.529327
v -2.153422 0.404607 1.542079
v -2.102385 0.473551 1.538850
v -2.032414 0.519618 1.520132
v -1.954161 0.535795 1.488775
v -1.879540 0.519618 1.449553
v -1.819910 0.473551 1.408437
v -1.784350 0.404607 1.371686
v -1.840873 0.373340 1.186630
v -1.863095 0.291577 1.172868
v -1.913716 0.222261 1.171766
v -1.985032 0.175946 1.183491
v -2.066183 0.159682 1.206258
v -2.144817 0.175946 1.236602
v -2.208961 0.222261 1.269902
v -2.248850 0.291577 1.301089
v -2.258412 0.373340 1.325415
v -2.236190 0.455104 1.339177
v -2.185568 0.524420 1.340279
v -2.114253 0.570735 1.328554
v -2.033101 0.586999 1.305787
v -1.954468 0.570735 1.275443
v -1.890324 0.524420 1.242143
v -1.850435 0.455104 1.210956
v -1.885163 0.418223 1.024040
v -1.905323 0.335993 1.009888
v -1.955163 0.266282 1.004910
v -2.027095 0.219703 1.009863
v -2.110169 0.203346 1.023994
v -2.191737 0.219703 1.045150
v -2.259381 0.266282 1.070112
v -2.302803 0.335993 1.095079
v -2.315392 0.418223 1.116250
v -2.295232 0.500453 1.130401
v -2.245392 0.570164 1.135379
v -2.173460 0.616744 1.130426
v -2.090386 0.633101 1.116296
v -2.008818 0.616744 1.095139
v -1.941174 0.570164 1.070177
v -1.897752 0.500453 1.045211
v -1.911241 0.457308 0.859568
v -1.929526 0.374606 0.845625
v -1.978341 0.304494 0.837264
v -2.050255 0.257647 0.835761
v -2.134318 0.241197 0.841342
v -2.217734 0.257647 0.853160
v -2.287803 0.304494 0.869413
v -2.333857 0.374606 0.887629
v -2.348885 0.457308 0.905034
v -2.330600 0.540011 0.918977
v -2.281785 0.610122 0.927338
v -2.209872 0.656970 0.928841
v -2.125808 0.673420 0.923260
v -2.042392 0.656970 0.911442
v -1.972324 0.610122 0.895189
v -1.926269 0.540011 0.876973
v -1.919587 0.490054 0.695557
v -1.936312 0.406898 0.682370
v -1.983983 0.336402 0.671135
v -2.055344 0.289298 0.663563
v -2.139530 0.272758 0.660806
v -2.223725 0.289298 0.663285
v -2.295110 0.336402 0.670621
v -2.342818 0.406898 0.681699
v -2.359587 0.490054 0.694831
v -2.342862 0.573209 0.708018
v -2.295190 0.643705 0.719253
v -2.223830 0.690809 0.726825
v -2.139644 0.707349 0.729581
v -2.055449 0.690809 0.727103
v -1.984064 0.643705 0.719766
v -1.936355 0.573209 0.708689
v -1.911034 0.516005 0.534181
v -1.926623 0.432444 0.522226
v -1.973151 0.361604 0.508612
v -2.043534 0.314270 0.495412
v -2.127057 0.297649 0.484636
v -2.211004 0.314270 0.477924
v -2.282595 0.361604 0.476297
v -2.330932 0.432444 0.480004
v -2.348655 0.516005 0.488480
v -2.333065 0.599567 0.500435
v -2.286538 0.670407 0.514049
v -2.216155 0.717740 0.527248
v -2.132632 0.734362 0.538025
v -2.048685 0.717740 0.544737
v -1.977094 0.670407 0.546364
v -1.928757 0.599567 0.542657
v -1.886724 0.534803 0.377386
v -1.901691 0.450913 0.367047
v -1.947182 0.379795 0.351518
v -2.016272 0.332275 0.333162
v -2.098442 0.315588 0.314775
v -2.181183 0.332275 0.299156
v -2.251898 0.379795 0.288682
v -2.299821 0.450913 0.284948
v -2.317657 0.534803 0.288523
v -2.302691 0.618694 0.298862
v -2.257199 0.689812 0.314391
v -2.188110 0.737332 0.332746
v -2.105940 0.754019 0.351133
v -2.023199 0.737332 0.366753
v -1.952484 0.689812 0.377227
v -1.904560 0.618694 0.380961
v -1.848056 0.546188 0.226840
v -1.862976 0.462077 0.218395
v -1.907630 0.390772 0.201363
v -1.975218 0.343128 0.178337
v -2.055453 0.326397 0.152822
v -2.136118 0.343128 0.128703
v -2.204932 0.390772 0.109651
v -2.251421 0.462077 0.098568
v -2.268506 0.546188 0.097140
v -2.253586 0.630298 0.105586
v -2.208932 0.701603 0.122618
v -2.141344 0.749248 0.145644
v -2.061109 0.765978 0.171159
v -1.980444 0.749248 0.195278
v -1.911629 0.701603 0.214329
v -1.865141 0.630298 0.225412
v -1.796623 0.550000 0.083893
v -1.812105 0.465810 0.077507
v -1.856191 0.394437 0.059321
v -1.922171 0.346747 0.032104
v -2.000000 0.330000 0.000000
v -2.077829 0.346747 -0.032104
v -2.143809 0.394437 -0.059321
v -2.187895 0.465810 -0.077507
v -2.203377 0.550000 -0.083893
v -2.187895 0.634190 -0.077507
v -2.143809 0.705563 -0.059321
v -2.077829 0.753253 -0.032104
v -2.000000 0.770000 0.000000
v -1.922171 0.753253 0.032104
v -1.856191 0.705563 0.059321
v -1.812105 0.634190 0.077507
v -1.734147 0.546188 -0.050452
v -1.750797 0.462087 -0.054727
v -1.794636 0.390789 -0.073787
v -1.858990 0.343150 -0.104731
v -1.934062 0.326421 -0.142847
v -2.008422 0.343150 -0.182334
v -2.070750 0.390789 -0.217179
v -2.111556 0.462087 -0.242078
v -2.124630 0.546188 -0.253240
v -2.107980 0.630289 -0.248966
v -2.064140 0.701586 -0.229906
v -1.999786 0.749225 -0.198962
v -1.924715 0.765954 -0.160845
v -1.850355 0.749225 -0.121358
v -1.788027 0.701586 -0.086513
v -1.747220 0.630289 -0.061614
v -1.662402 0.534803 -0.175548
v -1.680797 0.450987 -0.177764
v -1.724733 0.379931 -0.197491
v -1.787520 0.332453 -0.231725
v -1.859601 0.315781 -0.275255
v -1.930002 0.332453 -0.321453
v -1.988004 0.379931 -0.363287
v -2.024777 0.450987 -0.394387
v -2.034723 0.534803 -0.410019
v -2.016328 0.618620 -0.407803
v -1.972392 0.689676 -0.388076
v -1.909605 0.737154 -0.353842
v -1.837524 0.753826 -0.310312
v -1.767123 0.737154 -0.264114
v -1.709121 0.689676 -0.222280
v -1.672348 0.618620 -0.191180
v -1.583146 0.516005 -0.291106
v -1.603797 0.432687 -0.291407
v -1.648173 0.362053 -0.311658
v -1.709518 0.314858 -0.348777
v -1.778493 0.298285 -0.397111
v -1.844597 0.314858 -0.449304
v -1.897767 0.362053 -0.497408
v -1.929907 0.432687 -0.534101
v -1.936124 0.516005 -0.553796
v -1.915473 0.599323 -0.553495
v -1.871097 0.669957 -0.533244
v -1.809752 0.717153 -0.496125
v -1.740777 0.733726 -0.447791
v -1.674673 0.717153 -0.395598
v -1.621504 0.669957 -0.347494
v -1.589364 0.599323 -0.310801
v -1.498053 0.490054 -0.397177
v -1.521377 0.407455 -0.395775
v -1.566512 0.337432 -0.416464
v -1.626586 0.290644 -0.456093
v -1.692454 0.274214 -0.508629
v -1.754086 0.290644 -0.566074
v -1.802101 0.337432 -0.619683
v -1.829189 0.407455 -0.661293
v -1.831226 0.490054 -0.684571
v -1.807901 0.572652 -0.685973
v -1.762766 0.642675 -0.665284
v -1.702692 0.689463 -0.625655
v -1.636825 0.705893 -0.573119
v -1.575192 0.689463 -0.515674
v -1.527177 0.642675 -0.462065
v -1.500089 0.572652 -0.420455
v -1.408647 0.457308 -0.494124
v -1.434945 0.375646 -0.491276
v -1.481111 0.306416 -0.512354
v -1.540119 0.260157 -0.554148
v -1.602984 0.243914 -0.610296
v -1.660135 0.260157 -0.672250
v -1.702872 0.306416 -0.730579
v -1.724689 0.375646 -0.776401
v -1.722264 0.457308 -0.802741
v -1.695966 0.538971 -0.805589
v -1.649799 0.608201 -0.784512
v -1.590791 0.654459 -0.742718
v -1.527927 0.670703 -0.686569
v -1.470775 0.654459 -0.624615
v -1.428038 0.608201 -0.566287
v -1.406221 0.538971 -0.520464
v -1.316255 0.418223 -0.582582
v -1.345689 0.337688 -0.578557
v -1.393097 0.269414 -0.599995
v -1.451260 0.223794 -0.643634
v -1.511325 0.207775 -0.702829
v -1.564147 0.223794 -0.768569
v -1.601684 0.269414 -0.830845
v -1.618221 0.337688 -0.880176
v -1.611242 0.418223 -0.909052
v -1.581808 0.498758 -0.913078
v -1.534401 0.567033 -0.891639
v -1.476237 0.612652 -0.848000
v -1.416172 0.628672 -0.788805
v -1.363351 0.612652 -0.723066
v -1.325814 0.567033 -0.660790
v -1.309276 0.498758 -0.611458
v -1.221972 0.373340 -0.663402
v -1.254558 0.294080 -0.658458
v -1.303336 0.226887 -0.680233
v -1.360880 0.181989 -0.725414
v -1.418430 0.166223 -0.787122
v -1.467225 0.181989 -0.855963
v -1.499835 0.226887 -0.921455
v -1.511297 0.294080 -0.973629
v -1.499864 0.373340 -1.004541
v -1.467279 0.452601 -1.009486
v -1.418501 0.519794 -0.987710
v -1.360956 0.564692 -0.942529
v -1.303406 0.580457 -0.880821
v -1.254612 0.564692 -0.811981
v -1.222001 0.519794 -0.746488
v -1.210540 0.452601 -0.694315
v -1.126637 0.323282 -0.737595
v -1.162240 0.245378 -0.731957
v -1.212431 0.179334 -0.754038
v -1.269567 0.135205 -0.800476
v -1.324950 0.119709 -0.864202
v -1.370150 0.135205 -0.935514
v -1.398283 0.179334 -1.003555
v -1.405068 0.245378 -1.057967
v -1.389472 0.323282 -1.090465
v -1.353868 0.401186 -1.096103
v -1.303678 0.467230 -1.074022
v -1.246542 0.511359 -1.027583
v -1.191158 0.526855 -0.963857
v -1.145959 0.511359 -0.892546
v -1.117825 0.467230 -0.824505
v -1.111040 0.401186 -0.770093
v -1.030836 0.268742 -0.806258
v -1.069182 0.192189 -0.800115
v -1.120731 0.127290 -0.822460
v -1.177637 0.083927 -0.869892
v -1.231236 0.068699 -0.935189
v -1.273367 0.083927 -1.008412
v -1.297618 0.127290 -1.078412
v -1.300295 0.192189 -1.134532
v -1.280991 0.268742 -1.168229
v -1.242646 0.345295 -1.174373
v -1.191096 0.410193 -1.152028
v -1.134190 0.453557 -1.104596
v -1.080592 0.468784 -1.039298
v -1.038460 0.453557 -0.966076
v -1.014210 0.410193 -0.896076
v -1.011533 0.345295 -0.839955
v -0.934923 0.210476 -0.870508
v -0.975607 0.135169 -0.864016
v -1.028363 0.071326 -0.886585
v -1.085161 0.028668 -0.934780
v -1.137353 0.013689 -1.001264
v -1.176994 0.028668 -1.075914
v -1.198048 0.071326 -1.147367
v -1.197311 0.135169 -1.204743
v -1.174894 0.210476 -1.239309
v -1.134211 0.285783 -1.245801
v -1.081454 0.349625 -1.223232
v -1.024657 0.392283 -1.175037
v -0.972464 0.407263 -1.108554
v -0.932824 0.392283 -1.033903
v -0.911769 0.349625 -0.962451
v -0.912507 0.285783 -0.905074
v -0.839043 0.149292 -0.931399
v -0.881556 0.075020 -0.924710
v -0.935267 0.012055 -0.947492
v -0.991998 -0.030017 -0.996277
v -1.043114 -0.044791 -1.063637
v -1.080832 -0.030017 -1.139317
v -1.099411 0.012055 -1.211797
v -1.096020 0.075020 -1.270041
v -1.071178 0.149292 -1.305182
v -1.028665 0.223565 -1.311871
v -0.974955 0.286530 -1.289089
v -0.918223 0.328602 -1.240305
v -0.867107 0.343375 -1.172945
v -0.829389 0.328602 -1.097264
v -0.810810 0.286530 -1.024785
v -0.814201 0.223565 -0.966541
v -0.743167 0.086039 -0.989852
v -0.786923 0.012494 -0.983150
v -0.841237 -0.049855 -1.006196
v -0.897839 -0.091515 -1.055482
v -0.948113 -0.106144 -1.123504
v -0.984404 -0.091515 -1.199907
v -1.001187 -0.049855 -1.273059
v -0.995908 0.012494 -1.331823
v -0.969371 0.086039 -1.367254
v -0.925614 0.159584 -1.373956
v -0.871300 0.221933 -1.350910
v -0.814698 0.263593 -1.301624
v -0.764425 0.278222 -1.233601
v -0.728134 0.263593 -1.157198
v -0.711350 0.221933 -1.084047
v -0.716629 0.159584 -1.025282
v -0.647111 0.021593 -1.046589
v -0.691480 -0.051606 -1.040125
v -0.745953 -0.113661 -1.063586
v -0.802236 -0.155124 -1.113400
v -0.851760 -0.169685 -1.181984
v -0.886987 -0.155124 -1.258896
v -0.902553 -0.113661 -1.332428
v -0.896089 -0.051606 -1.391385
v -0.868578 0.021593 -1.426790
v -0.824209 0.094792 -1.433255
v -0.769736 0.156847 -1.409794
v -0.713453 0.198310 -1.359980
v -0.663929 0.212870 -1.291396
v -0.628702 0.198310 -1.214483
v -0.613136 0.156847 -1.140951
v -0.619600 0.094792 -1.081995
v -0.550546 -0.043153 -1.102092
v -0.594879 -0.116421 -1.096206
v -0.648984 -0.178536 -1.120352
v -0.704621 -0.220039 -1.170853
v -0.753322 -0.234613 -1.240022
v -0.787671 -0.220039 -1.317328
v -0.802440 -0.178536 -1.391001
v -0.795380 -0.116421 -1.449827
v -0.767566 -0.043153 -1.484848
v -0.723232 0.030116 -1.490734
v -0.669128 0.092231 -1.466588
v -0.613491 0.133734 -1.416087
v -0.564790 0.148308 -1.346918
v -0.530441 0.133734 -1.269613
v -0.515672 0.092231 -1.195939
v -0.522732 0.030116 -1.137114
v -0.452988 -0.107300 -1.156580
v -0.496644 -0.181048 -1.151700
v -0.549783 -0.243569 -1.176916
v -0.604316 -0.285344 -1.228390
v -0.651939 -0.300013 -1.298284
v -0.685404 -0.285344 -1.375959
v -0.699615 -0.243569 -1.449589
v -0.692408 -0.181048 -1.507964
v -0.664882 -0.107300 -1.542198
v -0.621226 -0.033551 -1.547078
v -0.568087 0.028969 -1.521862
v -0.513555 0.070745 -1.470388
v -0.465931 0.085414 -1.400494
v -0.432467 0.070745 -1.322819
v -0.418256 0.028969 -1.249189
v -0.425462 -0.033551 -1.190814
v -0.353810 -0.169959 -1.210014
v -0.396161 -0.244547 -1.206621
v -0.447682 -0.307779 -1.233374
v -0.500530 -0.350030 -1.286199
v -0.546658 -0.364866 -1.357055
v -0.579044 -0.350030 -1.435154
v -0.592757 -0.307779 -1.508607
v -0.585710 -0.244547 -1.566231
v -0.558976 -0.169959 -1.599253
v -0.516625 -0.095372 -1.602646
v -0.465104 -0.032139 -1.575893
v -0.412256 0.010111 -1.523067
v -0.366129 0.024947 -1.452212
v -0.333743 0.010111 -1.374112
v -0.320029 -0.032139 -1.300660
v -0.327076 -0.095372 -1.243036
v -0.252255 -0.230263 -1.262112
v -0.292694 -0.305967 -1.260689
v -0.341901 -0.370146 -1.289467
v -0.392386 -0.413029 -1.344064
v -0.436462 -0.428087 -1.416168
v -0.467419 -0.413029 -1.494802
v -0.480544 -0.370146 -1.567996
v -0.473839 -0.305967 -1.624605
v -0.448325 -0.230263 -1.656011
v -0.407886 -0.154559 -1.657434
v -0.358678 -0.090380 -1.628656
v -0.308194 -0.047497 -1.574060
v -0.264118 -0.032438 -1.501955
v -0.233161 -0.047497 -1.423321
v -0.220036 -0.090380 -1.350128
v -0.226740 -0.154559 -1.293519
v -0.147493 -0.287374 -1.312365
v -0.185427 -0.364371 -1.313335
v -0.231595 -0.429646 -1.344579
v -0.278968 -0.473261 -1.401342
v -0.320333 -0.488576 -1.474982
v -0.349393 -0.473261 -1.554287
v -0.361725 -0.429646 -1.627185
v -0.355450 -0.364371 -1.682577
v -0.331524 -0.287374 -1.712031
v -0.293590 -0.210377 -1.711062
v -0.247422 -0.145103 -1.679817
v -0.200050 -0.101488 -1.623055
v -0.158684 -0.086172 -1.549415
v -0.129624 -0.101488 -1.470109
v -0.117292 -0.145103 -1.397211
v -0.123567 -0.210377 -1.341819
v -0.038693 -0.340502 -1.360049
v -0.073545 -0.418862 -1.363715
v -0.115931 -0.485293 -1.397757
v -0.159398 -0.529680 -1.456993
v -0.197328 -0.545267 -1.532404
v -0.223947 -0.529680 -1.612510
v -0.235202 -0.485293 -1.685115
v -0.229380 -0.418862 -1.739166
v -0.207367 -0.340502 -1.766435
v -0.172514 -0.262141 -1.762769
v -0.130128 -0.195711 -1.728727
v -0.086662 -0.151323 -1.669491
v -0.048732 -0.135736 -1.594080
v -0.022113 -0.151323 -1.513974
v -0.010858 -0.195711 -1.441369
v -0.016680 -0.262141 -1.387318
v 0.074901 -0.388909 -1.404234
v 0.043687 -0.468607 -1.410742
v 0.005821 -0.536171 -1.447752
v -0.032930 -0.581317 -1.509628
v -0.066669 -0.597170 -1.586951
v -0.090257 -0.581317 -1.667950
v -0.100105 -0.536171 -1.740292
v -0.094712 -0.468607 -1.792964
v -0.074901 -0.388909 -1.817948
v -0.043687 -0.309211 -1.811440
v -0.005821 -0.241646 -1.774431
v 0.032930 -0.196501 -1.712555
v 0.066669 -0.180648 -1.635231
v 0.090257 -0.196501 -1.554233
v 0.100105 -0.241646 -1.481891
v 0.094712 -0.309211 -1.429218
v 0.193886 -0.431924 -1.443801
v 0.166829 -0.512854 -1.453115
v 0.134196 -0.581463 -1.493069
v 0.100955 -0.627306 -1.557582
v 0.072167 -0.643404 -1.636832
v 0.052214 -0.627306 -1.718754
v 0.044135 -0.581463 -1.790876
v 0.049158 -0.512854 -1.842218
v 0.066520 -0.431924 -1.864964
v 0.093576 -0.350994 -1.855651
v 0.126209 -0.282385 -1.815696
v 0.159450 -0.236542 -1.751183
v 0.188238 -0.220444 -1.671934
v 0.208191 -0.236542 -1.590012
v 0.216271 -0.282385 -1.517890
v 0.211248 -0.350994 -1.466547
v 0.318634 -0.468952 -1.477467
v 0.296197 -0.550949 -1.489361
v 0.269454 -0.620463 -1.532035
v 0.242476 -0.666911 -1.598992
v 0.219371 -0.683221 -1.680039
v 0.203656 -0.666911 -1.762837
v 0.197724 -0.620463 -1.834781
v 0.202477 -0.550949 -1.884917
v 0.217193 -0.468952 -1.905614
v 0.239630 -0.386955 -1.893720
v 0.266374 -0.317441 -1.851046
v 0.293351 -0.270993 -1.784089
v 0.316456 -0.254683 -1.703042
v 0.332171 -0.270993 -1.620244
v 0.338104 -0.317441 -1.548300
v 0.333350 -0.386955 -1.498164
v 0.449240 -0.499479 -1.503822
v 0.431801 -0.582341 -1.517897
v 0.411521 -0.652589 -1.562869
v 0.391487 -0.699527 -1.631890
v 0.374749 -0.716009 -1.714453
v 0.363855 -0.699527 -1.797988
v 0.360463 -0.652589 -1.869778
v 0.365091 -0.582341 -1.918893
v 0.377034 -0.499479 -1.937857
v 0.394472 -0.416616 -1.923781
v 0.414753 -0.346368 -1.878809
v 0.434787 -0.299430 -1.809788
v 0.451525 -0.282948 -1.727225
v 0.462419 -0.299430 -1.643690
v 0.465810 -0.346368 -1.571901
v 0.461183 -0.416616 -1.522785
v 0.585479 -0.523081 -1.521380
v 0.573312 -0.606590 -1.537087
v 0.559957 -0.677385 -1.583758
v 0.547448 -0.724689 -1.654287
v 0.537689 -0.741300 -1.737936
v 0.532167 -0.724689 -1.821972
v 0.531721 -0.677385 -1.893601
v 0.536420 -0.606590 -1.941916
v 0.545548 -0.523081 -1.959564
v 0.557716 -0.439572 -1.943857
v 0.571071 -0.368777 -1.897187
v 0.583580 -0.321473 -1.826658
v 0.593338 -0.304862 -1.743008
v 0.598861 -0.321473 -1.658972
v 0.599306 -0.368777 -1.587344
v 0.594608 -0.439572 -1.539028
v 0.726790 -0.539432 -1.528641
v 0.720038 -0.623366 -1.545312
v 0.713936 -0.694522 -1.592937
v 0.709413 -0.742067 -1.664263
v 0.707156 -0.758762 -1.748433
v 0.707511 -0.742067 -1.832633
v 0.710422 -0.694522 -1.904044
v 0.715447 -0.623366 -1.951794
v 0.721820 -0.539432 -1.968613
v 0.728572 -0.455498 -1.951942
v 0.734674 -0.384342 -1.904318
v 0.739197 -0.336797 -1.832991
v 0.741454 -0.320101 -1.748821
v 0.741099 -0.336797 -1.664621
v 0.738188 -0.384342 -1.593210
v 0.733163 -0.455498 -1.545461
v 0.872266 -0.548305 -1.524156
v 0.870934 -0.632456 -1.541045
v 0.872260 -0.703796 -1.588766
v 0.876041 -0.751464 -1.660054
v 0.881703 -0.768202 -1.744055
v 0.888382 -0.751464 -1.827982
v 0.895063 -0.703796 -1.899057
v 0.900728 -0.632456 -1.946459
v 0.904515 -0.548305 -1.962972
v 0.905847 -0.464153 -1.946083
v 0.904521 -0.392813 -1.898361
v 0.900739 -0.345145 -1.827074
v 0.895078 -0.328407 -1.743072
v 0.888398 -0.345145 -1.659146
v 0.881717 -0.392813 -1.588071
v 0.876052 -0.464153 -1.540669
v 1.020668 -0.549576 -1.506593
v 1.024611 -0.633757 -1.522916
v 1.033376 -0.705122 -1.569806
v 1.045627 -0.752807 -1.640123
v 1.059500 -0.769552 -1.723163
v 1.072883 -0.752807 -1.806283
v 1.083738 -0.705122 -1.876830
v 1.090412 -0.633757 -1.924062
v 1.091891 -0.549576 -1.940790
v 1.087948 -0.465395 -1.924466
v 1.079183 -0.394030 -1.877577
v 1.066932 -0.346345 -1.807259
v 1.053059 -0.329600 -1.724220
v 1.039676 -0.346345 -1.641099
v 1.028821 -0.394030 -1.570553
v 1.022146 -0.465395 -1.523320
v 1.170451 -0.543229 -1.474807
v 1.179377 -0.627279 -1.489782
v 1.195421 -0.698534 -1.534879
v 1.216143 -0.746145 -1.603233
v 1.238388 -0.762864 -1.684437
v 1.258768 -0.746145 -1.766129
v 1.274181 -0.698534 -1.835872
v 1.282281 -0.627279 -1.883048
v 1.281834 -0.543229 -1.900475
v 1.272909 -0.459178 -1.885500
v 1.256864 -0.387923 -1.840403
v 1.236142 -0.340312 -1.772049
v 1.213898 -0.323593 -1.690845
v 1.193518 -0.340312 -1.609153
v 1.178105 -0.387923 -1.539410
v 1.170005 -0.459178 -1.492234
v 1.319802 -0.529350 -1.427898
v 1.333275 -0.613141 -1.440781
v 1.356276 -0.684176 -1.483131
v 1.385302 -0.731640 -1.548500
v 1.415934 -0.748307 -1.626937
v 1.443509 -0.731640 -1.706500
v 1.463830 -0.684176 -1.775076
v 1.473801 -0.613141 -1.822226
v 1.471906 -0.529350 -1.840771
v 1.458432 -0.445559 -1.827888
v 1.435432 -0.374525 -1.785538
v 1.406406 -0.327061 -1.720169
v 1.375773 -0.310394 -1.641732
v 1.348198 -0.327061 -1.562169
v 1.327878 -0.374525 -1.493593
v 1.317906 -0.445559 -1.446443
v 1.466686 -0.508134 -1.365266
v 1.484149 -0.591567 -1.375387
v 1.513622 -0.662298 -1.414076
v 1.550619 -0.709559 -1.475445
v 1.589507 -0.726155 -1.550149
v 1.624366 -0.709559 -1.626816
v 1.649890 -0.662298 -1.693775
v 1.662191 -0.591567 -1.740830
v 1.659399 -0.508134 -1.760819
v 1.641936 -0.424701 -1.750698
v 1.612463 -0.353969 -1.712009
v 1.575466 -0.306708 -1.650640
v 1.536578 -0.290112 -1.575936
v 1.501719 -0.306708 -1.499269
v 1.476195 -0.353969 -1.432310
v 1.463894 -0.424701 -1.385255
v 1.608917 -0.479873 -1.286650
v 1.629702 -0.562881 -1.293440
v 1.665019 -0.633252 -1.327631
v 1.709494 -0.680273 -1.384019
v 1.756354 -0.696784 -1.454018
v 1.798466 -0.680273 -1.526973
v 1.829418 -0.633252 -1.591777
v 1.844499 -0.562881 -1.638563
v 1.841412 -0.479873 -1.660209
v 1.820628 -0.396865 -1.653420
v 1.785310 -0.326493 -1.619229
v 1.740836 -0.279473 -1.562841
v 1.693976 -0.262962 -1.492841
v 1.651864 -0.279473 -1.419886
v 1.620911 -0.326493 -1.355083
v 1.605831 -0.396865 -1.308297
v 1.744215 -0.444959 -1.192161
v 1.767573 -0.527505 -1.195174
v 1.807982 -0.597484 -1.224132
v 1.859290 -0.644242 -1.274625
v 1.913686 -0.660662 -1.338967
v 1.962890 -0.644242 -1.407362
v 1.999409 -0.597484 -1.469398
v 2.017684 -0.527505 -1.515630
v 2.014934 -0.444959 -1.539020
v 1.991576 -0.362414 -1.536007
v 1.951167 -0.292435 -1.507050
v 1.899859 -0.245676 -1.456557
v 1.845463 -0.229257 -1.392215
v 1.796259 -0.245676 -1.323820
v 1.759740 -0.292435 -1.261784
v 1.741465 -0.362414 -1.215551
v 1.870283 -0.403877 -1.082295
v 1.895410 -0.485950 -1.081227
v 1.940054 -0.555528 -1.104342
v 1.997418 -0.602018 -1.148119
v 2.058769 -0.618344 -1.205895
v 2.114767 -0.602018 -1.268873
v 2.156886 -0.555528 -1.327466
v 2.178714 -0.485950 -1.372753
v 2.176928 -0.403877 -1.397839
v 2.151801 -0.321805 -1.398907
v 2.107156 -0.252227 -1.375792
v 2.049792 -0.205736 -1.332015
v 1.988441 -0.189411 -1.274239
v 1.932444 -0.205736 -1.211261
v 1.890325 -0.252227 -1.152668
v 1.868497 -0.321805 -1.107381
v 1.984878 -0.357196 -0.957934
v 2.010948 -0.438810 -0.952633
v 2.058895 -0.507998 -0.969440
v 2.121421 -0.554228 -1.005796
v 2.189006 -0.570462 -1.056167
v 2.251361 -0.554228 -1.112883
v 2.298993 -0.507998 -1.167311
v 2.324650 -0.438810 -1.211164
v 2.324427 -0.357196 -1.237767
v 2.298358 -0.275583 -1.243068
v 2.250410 -0.206395 -1.226261
v 2.187885 -0.160164 -1.189905
v 2.120300 -0.143931 -1.139534
v 2.057945 -0.160164 -1.082818
v 2.010313 -0.206395 -1.028390
v 1.984655 -0.275583 -0.984536
v 2.085887 -0.305564 -0.820340
v 2.112077 -0.386752 -0.810805
v 2.162348 -0.455581 -0.820996
v 2.229048 -0.501571 -0.849360
v 2.302021 -0.517720 -0.891580
v 2.370159 -0.501571 -0.941228
v 2.423087 -0.455581 -0.990746
v 2.452749 -0.386752 -1.032594
v 2.454627 -0.305564 -1.060403
v 2.428437 -0.224375 -1.069937
v 2.378165 -0.155546 -1.059747
v 2.311466 -0.109556 -1.031382
v 2.238492 -0.093407 -0.989162
v 2.170355 -0.109556 -0.939514
v 2.117426 -0.155546 -0.889996
v 2.087765 -0.224375 -0.848148
v 2.171389 -0.249695 -0.671120
v 2.196916 -0.330512 -0.657502
v 2.248516 -0.399025 -0.660931
v 2.318334 -0.444805 -0.680883
v 2.395742 -0.460880 -0.714322
v 2.468953 -0.444805 -0.756157
v 2.526823 -0.399025 -0.800018
v 2.560541 -0.330512 -0.839228
v 2.564975 -0.249695 -0.867818
v 2.539448 -0.168878 -0.881435
v 2.487847 -0.100364 -0.878007
v 2.418029 -0.054585 -0.858054
v 2.340622 -0.038509 -0.824615
v 2.267410 -0.054585 -0.782781
v 2.209540 -0.100364 -0.738920
v 2.175822 -0.168878 -0.699710
v 2.239722 -0.190364 -0.512196
v 2.263869 -0.270877 -0.494787
v 2.315817 -0.339133 -0.491469
v 2.387659 -0.384740 -0.502749
v 2.468457 -0.400755 -0.526908
v 2.545910 -0.384740 -0.560269
v 2.608227 -0.339133 -0.597753
v 2.645921 -0.270877 -0.633653
v 2.653253 -0.190364 -0.662504
v 2.629107 -0.109851 -0.679913
v 2.577159 -0.041596 -0.683230
v 2.505317 0.004011 -0.671951
v 2.424519 0.020026 -0.647791
v 2.347065 0.004011 -0.614430
v 2.284748 -0.041596 -0.576947
v 2.247054 -0.109851 -0.541047
v 2.289536 -0.128395 -0.345752
v 2.311678 -0.208683 -0.324965
v 2.363038 -0.276747 -0.315074
v 2.435797 -0.322226 -0.317583
v 2.518877 -0.338197 -0.332112
v 2.599631 -0.322226 -0.356448
v 2.665764 -0.276747 -0.386886
v 2.707209 -0.208683 -0.418792
v 2.717655 -0.128395 -0.447309
v 2.695513 -0.048107 -0.468096
v 2.644153 0.019957 -0.477988
v 2.571395 0.065436 -0.475478
v 2.488315 0.081407 -0.460949
v 2.407561 0.065436 -0.436614
v 2.341427 0.019957 -0.406175
v 2.299983 -0.048107 -0.374269
v 2.319833 -0.064646 -0.174177
v 2.339464 -0.144795 -0.150529
v 2.389371 -0.212742 -0.134378
v 2.461958 -0.258143 -0.128183
v 2.546173 -0.274085 -0.132887
v 2.629196 -0.258143 -0.147773
v 2.698386 -0.212742 -0.170575
v 2.743210 -0.144795 -0.197823
v 2.756845 -0.064646 -0.225367
v 2.737214 0.015504 -0.249014
v 2.687306 0.083451 -0.265165
v 2.614719 0.128852 -0.271360
v 2.530504 0.144794 -0.266656
v 2.447482 0.128852 -0.251770
v 2.378292 0.083451 -0.228968
v 2.333467 0.015504 -0.201721
f 1 17 18 2
f 2 18 19 3
f 3 19 20 4
f 4 20 21 5
f 5 21 22 6
f 6 22 23 7
f 7 23 24 8
f 8 24 25 9
f 9 25 26 10
f 10 26 27 11
f 11 27 28 12
f 12 28 29 13
f 13 29 30 14
f 14 30 31 15
f 15 31 32 16
f 16 32 17 1
f 17 33 34 18
f 18 34 35 19
f 19 35 36 20
f 20 36 37 21
f 21 37 38 22
f 22 38 39 23
f 23 39 40 24
f 24 40 41 25
f 25 41 42 26
f 26 42 43 27
f 27 43 44 28
f 28 44 45 29
f 29 45 46 30
f 30 46 47 31
f 31 47 48 32
f 32 48 33 17
f 33 49 50 34
f 34 50 51 35
f 35 51 52 36
f 36 52 53 37
f 37 53 54 38
f 38 54 55 39
f 39 55 56 40
f 40 56 57 41
f 41 57 58 42
f 42 58 59 43
f 43 59 60 44
f 44 60 61 45
f 45 61 62 46
f 46 62 63 47
f 47 63 64 48
f 48 64 49 33
f 49 65 66 50
f 50 66 67 51
f 51 67 68 52
f 52 68 69 53
f 53 69 70 54
f 54 70 71 55
f 55 71 72 56
f 56 72 73 57
f 57 73 74 58
f 58 74 75 59
f 59 75 76 60
f 60 76 77 61
f 61 77 78 62
f 62 78 79 63
f 63 79 80 64
f 64 80 65 49
f 65 81 82 66
f 66 82 83 67
f 67 83 84 68
f 68 84 85 69
f 69 85 86 70
f 70 86 87 71
f 71 87 88 72
f 72 88 89 73
f 73 89 90 74
f 74 90 91 75
f 75 91 92 76
f 76 92 93 77
f 77 93 94 78
f 78 94 95 79
f 79 95 96 80
f 80 96 81 65
f 81 97 98 82
f 82 98 99 83
f 83 99 100 84
f 84 100 101 85
f 85 101 102 86
f 86 102 103 87
f 87 103 104 88
f 88 104 105 89
f 89 105 106 90
f 90 106 107 91
f 91 107 108 92
f 92 108 109 93
f 93 109 110 94
f 94 110 111 95
f 95 111 112 96
f 96 112 97 81
f 97 113 114 98
f 98 114 115 99
f 99 115 116 100
f 100 116 117 101
f 101 117 118 102
f 102 118 119 103
f 103 119 120 104
f 104 120 121 105
f 105 121 122 106
f 106 122 123 107
f 107 123 124 108
f 108 124 125 109
f 109 125 126 110
f 110 126 127 111
f 111 127 128 112
f 112 128 113 97
f 113 129 130 114
f 114 130 131 115
f 115 131 132 116
f 116 132 133 117
f 117 133 134 118
f 118 134 135 119
f 119 135 136 120
f 120 136 137 121
f 121 137 138 122
f 122 138 139 123
f 123 139 140 124
f 124 140 141 125
f 125 141 142 126
f 126 142 143 127
f 127 143 144 128
f 128 144 129 113
f 129 145 146 130
f 130 146 147 131
f 131 147 148 132
f 132 148 149 133
f 133 149 150 134
f 134 150 151 135
f 135 151 152 136
f 136 152 153 137
f 137 153 154 138
f 138 154 155 139
f 139 155 156 140
f 140 156 157 141
f 141 157 158 142
f 142 158 159 143
f 143 159 160 144
f 144 160 145 129
f 145 161 162 146
f 146 162 163 147
f 147 163 164 148
f 148 164 165 149
f 149 165 166 150
f 150 166 167 151
f 151 167 168 152
f 152 168 169 153
f 153 169 170 154
f 154 170 171 155
f 155 171 172 156
f 156 172 173 157
f 157 173 174 158
f 158 174 175 159
f 159 175 176 160
f 160 176 161 145
f 161 177 178 162
f 162 178 179 163
f 163 179 180 164
f 164 180 181 165
f 165 181 182 166
f 166 182 183 167
f 167 183 184 168
f 168 184 185 169
f 169 185 186 170
f 170 186 187 171
f 171 187 188 172
f 172 188 189 173
f 173 189 190 174
f 174 190 191 175
f 175 191 192 176
f 176 192 177 161
f 177 193 194 178
f 178 194 195 179
f 179 195 196 180
f 180 196 197 181
f 181 197 198 182
f 182 198 199 183
f 183 199 200 184
f 184 200 201 185
f 185 201 202 186
f 186 202 203 187
f 187 203 204 188
f 188 204 205 189
f 189 205 206 190
f 190 206 207 191
f 191 207 208 192
f 192 208 193 177
f 193 209 210 194
f 194 210 211 195
f 195 211 212 196
f 196 212 213 197
f 197 213 214 198
f 198 214 215 199
f 199 215 216 200
f 200 216 217 201
f 201 217 218 202
f 202 218 219 203
f 203 219 220 204
f 204 220 221 205
f 205 221 222 206
f 206 222 223 207
f 207 223 224 208
f 208 224 209 193
f 209 225 226 210
f 210 226 227 211
f 211 227 228 212
f 212 228 229 213
f 213 229 230 214
f 214 230 231 215
f 215 231 232 216
f 216 232 233 217
f 217 233 234 218
f 218 234 235 219
f 219 235 236 220
f 220 236 237 221
f 221 237 238 222
f 222 238 239 223
f 223 239 240 224
f 224 240 225 209
f 225 241 242 226
f 226 242 243 227
f 227 243 244 228
f 228 244 245 229
f 229 245 246 230
f 230 246 247 231
f 231 247 248 232
f 232 248 249 233
f 233 249 250 234
f 234 250 251 235
f 235 251 252 236
f 236 252 253 237
f 237 253 254 238
f 238 254 255 239
f 239 255 256 240
f 240 256 241 225
f 241 257 258 242
f 242 258 259 243
f 243 259 260 244
f 244 260 261 245
f 245 261 262 246
f 246 262 263 247
f 247 263 264 248
f 248 264 265 249
f 249 265 266 250
f 250 266 267 251
f 251 267 268 252
f 252 268 269 253
f 253 269 270 254
f 254 270 271 255
f 255 271 272 256
f 256 272 257 241
f 257 273 274 258
f 258 274 275 259
f 259 275 276 260
f 260 276 277 261
f 261 277 278 262
f 262 278 279 263
f 263 279 280 264
f 264 280 281 265
f 265 281 282 266
f 266 282 283 267
f 267 283 284 268
f 268 284 285 269
f 269 285 286 270
f 270 286 287 271
f 271 287 288 272
f 272 288 273 257
f 273 289 290 274
f 274 290 291 275
f 275 291 292 276
f 276 292 293 277
f 277 293 294 278
f 278 294 295 279
f 279 295 296 280
f 280 296 297 281
f 281 297 298 282
f 282 298 299 283
f 283 299 300 284
f 284 300 301 285
f 285 301 302 286
f 286 302 303 287
f 287 303 304 288
f 288 304 289 273
f 289 305 306 290
f 290 306 307 291
f 291 307 308 292
f 292 308 309 293
f 293 309 310 294
f 294 310 311 295
f 295 311 312 296
f 296 312 313 297
f 297 313 314 298
f 298 314 315 299
f 299 315 316 300
f 300 316 317 301
f 301 317 318 302
f 302 318 319 303
f 303 319 320 304
f 304 320 305 289
f 305 321 322 306
f 306 322 323 307
f 307 323 324 308
f 308 324 325 309
f 309 325 326 310
f 310 326 327 311
f 311 327 328 312
f 312 328 329 313
f 313 329 330 314
f 314 330 331 315
f 315 331 332 316
f 316 332 333 317
f 317 333 334 318
f 318 334 335 319
f 319 335 336 320
f 320 336 321 305
f 321 337 338 322
f 322 338 339 323
f 323 339 340 324
f 324 340 341 325
f 325 341 342 326
f 326 342 343 327
f 327 343 344 328
f 328 344 345 329
f 329 345 346 330
f 330 346 347 331
f 331 347 348 332
f 332 348 349 333
f 333 349 350 334
f 334 350 351 335
f 335 351 352 336
f 336 352 337 321
f 337 353 354 338
f 338 354 355 339
f 339 355 356 340
f 340 356 357 341
f 341 357 358 342
f 342 358 359 343
f 343 359 360 344
f 344 360 361 345
f 345 361 362 346
f 346 362 363 347
f 347 363 364 348
f 348 364 365 349
f 349 365 366 350
f 350 366 367 351
f 351 367 368 352
f 352 368 353 337
f 353 369 370 354
f 354 370 371 355
f 355 371 372 356
f 356 372 373 357
f 357 373 374 358
f 358 374 375 359
f 359 375 376 360
f 360 376 377 361
f 361 377 378 362
f 362 378 379 363
f 363 379 380 364
f 364 380 381 365
f 365 381 382 366
f 366 382 383 367
f 367 383 384 368
f 368 384 369 353
f 369 385 386 370
f 370 386 387 371
f 371 387 388 372
f 372 388 389 373
f 373 389 390 374
f 374 390 391 375
f 375 391 392 376
f 376 392 393 377
f 377 393 394 378
f 378 394 395 379
f 379 395 396 380
f 380 396 397 381
f 381 397 398 382
f 382 398 399 383
f 383 399 400 384
f 384 400 385 369
f 385 401 402 386
f 386 402 403 387
f 387 403 404 388
f 388 404 405 389
f 389 405 406 390
f 390 406 407 391
f 391 407 408 392
f 392 408 409 393
f 393 409 410 394
f 394 410 411 395
f 395 411 412 396
f 396 412 413 397
f 397 413 414 398
f 398 414 415 399
f 399 415 416 400
f 400 416 401 385
f 401 417 418 402
f 402 418 419 403
f 403 419 420 404
f 404 420 421 405
f 405 421 422 406
f 406 422 423 407
f 407 423 424 408
f 408 424 425 409
f 409 425 426 410
f 410 426 427 411
f 411 427 428 412
f 412 428 429 413
f 413 429 430 414
f 414 430 431 415
f 415 431 432 416
f 416 432 417 401
f 417 433 434 418
f 418 434 435 419
f 419 435 436 420
f 420 436 437 421
f 421 437 438 422
f 422 438 439 423
f 423 439 440 424
f 424 440 441 425
f 425 441 442 426
f 426 442 443 427
f 427 443 444 428
f 428 444 445 429
f 429 445 446 430
f 430 446 447 431
f 431 447 448 432
f 432 448 433 417
f 433 449 450 434
f 434 450 451 435
f 435 451 452 436
f 436 452 453 437
f 437 453 454 438
f 438 454 455 439
f 439 455 456 440
f 440 456 457 441
f 441 457 458 442
f 442 458 459 443
f 443 459 460 444
f 444 460 461 445
f 445 461 462 446
f 446 462 463 447
f 447 463 464 448
f 448 464 449 433
f 449 465 466 450
f 450 466 467 451
f 451 467 468 452
f 452 468 469 453
f 453 469 470 454
f 454 470 471 455
f 455 471 472 456
f 456 472 473 457
f 457 473 474 458
f 458 474 475 459
f 459 475 476 460
f 460 476 477 461
f 461 477 478 462
f 462 478 479 463
f 463 479 480 464
f 464 480 465 449
f 465 481 482 466
f 466 482 483 467
f 467 483 484 468
f 468 484 485 469
f 469 485 486 470
f 470 486 487 471
f 471 487 488 472
f 472 488 489 473
f 473 489 490 474
f 474 490 491 475
f 475 491 492 476
f 476 492 493 477
f 477 493 494 478
f 478 494 495 479
f 479 495 496 480
f 480 496 481 465
f 481 497 498 482
f 482 498 499 483
f 483 499 500 484
f 484 500 501 485
f 485 501 502 486
f 486 502 503 487
f 487 503 504 488
f 488 504 505 489
f 489 505 506 490
f 490 506 507 491
f 491 507 508 492
f 492 508 509 493
f 493 509 510 494
f 494 510 511 495
f 495 511 512 496
f 496 512 497 481
f 497 513 514 498
f 498 514 515 499
f 499 515 516 500
f 500 516 517 501
f 501 517 518 502
f 502 518 519 503
f 503 519 520 504
f 504 520 521 505
f 505 521 522 506
f 506 522 523 507
f 507 523 524 508
f 508 524 525 509
f 509 525 526 510
f 510 526 527 511
f 511 527 528 512
f 512 528 513 497
f 513 529 530 514
f 514 530 531 515
f 515 531 532 516
f 516 532 533 517
f 517 533 534 518
f 518 534 535 519
f 519 535 536 520
f 520 536 537 521
f 521 537 538 522
f 522 538 539 523
f 523 539 540 524
f 524 540 541 525
f 525 541 542 526
f 526 542 543 527
f 527 543 544 528
f 528 544 529 513
f 529 545 546 530
f 530 546 547 531
f 531 547 548 532
f 532 548 549 533
f 533 549 550 534
f 534 550 551 535
f 535 551 552 536
f 536 552 553 537
f 537 553 554 538
f 538 554 555 539
f 539 555 556 540
f 540 556 557 541
f 541 557 558 542
f 542 558 559 543
f 543 559 560 544
f 544 560 545 529
f 545 561 562 546
f 546 562 563 547
f 547 563 564 548
f 548 564 565 549
f 549 565 566 550
f 550 566 567 551
f 551 567 568 552
f 552 568 569 553
f 553 569 570 554
f 554 570 571 555
f 555 571 572 556
f 556 572 573 557
f 557 573 574 558
f 558 574 575 559
f 559 575 576 560
f 560 576 561 545
f 561 577 578 562
f 562 578 579 563
f 563 579 580 564
f 564 580 581 565
f 565 581 582 566
f 566 582 583 567
f 567 583 584 568
f 568 584 585 569
f 569 585 586 570
f 570 586 587 571
f 571 587 588 572
f 572 588 589 573
f 573 589 590 574
f 574 590 591 575
f 575 591 592 576
f 576 592 577 561
f 577 593 594 578
f 578 594 595 579
f 579 595 596 580
f 580 596 597 581
f 581 597 598 582
f 582 598 599 583
f 583 599 600 584
f 584 600 601 585
f 585 601 602 586
f 586 602 603 587
f 587 603 604 588
f 588 604 605 589
f 589 605 606 590
f 590 606 607 591
f 591 607 608 592
f 592 608 593 577
f 593 609 610 594
f 594 610 611 595
f 595 611 612 596
f 596 612 613 597
f 597 613 614 598
f 598 614 615 599
f 599 615 616 600
f 600 616 617 601
f 601 617 618 602
f 602 618 619 603
f 603 619 620 604
f 604 620 621 605
f 605 621 622 606
f 606 622 623 607
f 607 623 624 608
f 608 624 609 593
f 609 625 626 610
f 610 626 627 611
f 611 627 628 612
f 612 628 629 613
f 613 629 630 614
f 614 630 631 615
f 615 631 632 616
f 616 632 633 617
f 617 633 634 618
f 618 634 635 619
f 619 635 636 620
f 620 636 637 621
f 621 637 638 622
f 622 638 639 623
f 623 639 640 624
f 624 640 625 609
f 625 641 642 626
f 626 642 643 627
f 627 643 644 628
f 628 644 645 629
f 629 645 646 630
f 630 646 647 631
f 631 647 648 632
f 632 648 649 633
f 633 649 650 634
f 634 650 651 635
f 635 651 652 636
f 636 652 653 637
f 637 653 654 638
f 638 654 655 639
f 639 655 656 640
f 640 656 641 625
f 641 657 658 642
f 642 658 659 643
f 643 659 660 644
f 644 660 661 645
f 645 661 662 646
f 646 662 663 647
f 647 663 664 648
f 648 664 665 649
f 649 665 666 650
f 650 666 667 651
f 651 667 668 652
f 652 668 669 653
f 653 669 670 654
f 654 670 671 655
f 655 671 672 656
f 656 672 657 641
f 657 673 674 658
f 658 674 675 659
f 659 675 676 660
f 660 676 677 661
f 661 677 678 662
f 662 678 679 663
f 663 679 680 664
f 664 680 681 665
f 665 681 682 666
f 666 682 683 667
f 667 683 684 668
f 668 684 685 669
f 669 685 686 670
f 670 686 687 671
f 671 687 688 672
f 672 688 673 657
f 673 689 690 674
f 674 690 691 675
f 675 691 692 676
f 676 692 693 677
f 677 693 694 678
f 678 694 695 679
f 679 695 696 680
f 680 696 697 681
f 681 697 698 682
f 682 698 699 683
f 683 699 700 684
f 684 700 701 685
f 685 701 702 686
f 686 702 703 687
f 687 703 704 688
f 688 704 689 673
f 689 705 706 690
f 690 706 707 691
f 691 707 708 692
f 692 708 709 693
f 693 709 710 694
f 694 710 711 695
f 695 711 712 696
f 696 712 713 697
f 697 713 714 698
f 698 714 715 699
f 699 715 716 700
f 700 716 717 701
f 701 717 718 702
f 702 718 719 703
f 703 719 720 704
f 704 720 705 689
f 705 721 722 706
f 706 722 723 707
f 707 723 724 708
f 708 724 725 709
f 709 725 726 710
f 710 726 727 711
f 711 727 728 712
f 712 728 729 713
f 713 729 730 714
f 714 730 731 715
f 715 731 732 716
f 716 732 733 717
f 717 733 734 718
f 718 734 735 719
f 719 735 736 720
f 720 736 721 705
f 721 737 738 722
f 722 738 739 723
f 723 739 740 724
f 724 740 741 725
f 725 741 742 726
f 726 742 743 727
f 727 743 744 728
f 728 744 745 729
f 729 745 746 730
f 730 746 747 731
f 731 747 748 732
f 732 748 749 733
f 733 749 750 734
f 734 750 751 735
f 735 751 752 736
f 736 752 737 721
f 737 753 754 738
f 738 754 755 739
f 739 755 756 740
f 740 756 757 741
f 741 757 758 742
f 742 758 759 743
f 743 759 760 744
f 744 760 761 745
f 745 761 762 746
f 746 762 763 747
f 747 763 764 748
f 748 764 765 749
f 749 765 766 750
f 750 766 767 751
f 751 767 768 752
f 752 768 753 737
f 753 769 770 754
f 754 770 771 755
f 755 771 772 756
f 756 772 773 757
f 757 773 774 758
f 758 774 775 759
f 759 775 776 760
f 760 776 777 761
f 761 777 778 762
f 762 778 779 763
f 763 779 780 764
f 764 780 781 765
f 765 781 782 766
f 766 782 783 767
f 767 783 784 768
f 768 784 769 753
f 769 785 786 770
f 770 786 787 771
f 771 787 788 772
f 772 788 789 773
f 773 789 790 774
f 774 790 791 775
f 775 791 792 776
f 776 792 793 777
f 777 793 794 778
f 778 794 795 779
f 779 795 796 780
f 780 796 797 781
f 781 797 798 782
f 782 798 799 783
f 783 799 800 784
f 784 800 785 769
f 785 801 802 786
f 786 802 803 787
f 787 803 804 788
f 788 804 805 789
f 789 805 806 790
f 790 806 807 791
f 791 807 808 792
f 792 808 809 793
f 793 809 810 794
f 794 810 811 795
f 795 811 812 796
f 796 812 813 797
f 797 813 814 798
f 798 814 815 799
f 799 815 816 800
f 800 816 801 785
f 801 817 818 802
f 802 818 819 803
f 803 819 820 804
f 804 820 821 805
f 805 821 822 806
f 806 822 823 807
f 807 823 824 808
f 808 824 825 809
f 809 825 826 810
f 810 826 827 811
f 811 827 828 812
f 812 828 829 813
f 813 829 830 814
f 814 830 831 815
f 815 831 832 816
f 816 832 817 801
f 817 833 834 818
f 818 834 835 819
f 819 835 836 820
f 820 836 837 821
f 821 837 838 822
f 822 838 839 823
f 823 839 840 824
f 824 840 841 825
f 825 841 842 826
f 826 842 843 827
f 827 843 844 828
f 828 844 845 829
f 829 845 846 830
f 830 846 847 831
f 831 847 848 832
f 832 848 833 817
f 833 849 850 834
f 834 850 851 835
f 835 851 852 836
f 836 852 853 837
f 837 853 854 838
f 838 854 855 839
f 839 855 856 840
f 840 856 857 841
f 841 857 858 842
f 842 858 859 843
f 843 859 860 844
f 844 860 861 845
f 845 861 862 846
f 846 862 863 847
f 847 863 864 848
f 848 864 849 833
f 849 865 866 850
f 850 866 867 851
f 851 867 868 852
f 852 868 869 853
f 853 869 870 854
f 854 870 871 855
f 855 871 872 856
f 856 872 873 857
f 857 873 874 858
f 858 874 875 859
f 859 875 876 860
f 860 876 877 861
f 861 877 878 862
f 862 878 879 863
f 863 879 880 864
f 864 880 865 849
f 865 881 882 866
f 866 882 883 867
f 867 883 884 868
f 868 884 885 869
f 869 885 886 870
f 870 886 887 871
f 871 887 888 872
f 872 888 889 873
f 873 889 890 874
f 874 890 891 875
f 875 891 892 876
f 876 892 893 877
f 877 893 894 878
f 878 894 895 879
f 879 895 896 880
f 880 896 881 865
f 881 897 898 882
f 882 898 899 883
f 883 899 900 884
f 884 900 901 885
f 885 901 902 886
f 886 902 903 887
f 887 903 904 888
f 888 904 905 889
f 889 905 906 890
f 890 906 907 891
f 891 907 908 892
f 892 908 909 893
f 893 909 910 894
f 894 910 911 895
f 895 911 912 896
f 896 912 897 881
f 897 913 914 898
f 898 914 915 899
f 899 915 916 900
f 900 916 917 901
f 901 917 918 902
f 902 918 919 903
f 903 919 920 904
f 904 920 921 905
f 905 921 922 906
f 906 922 923 907
f 907 923 924 908
f 908 924 925 909
f 909 925 926 910
f 910 926 927 911
f 911 927 928 912
f 912 928 913 897
f 913 929 930 914
f 914 930 931 915
f 915 931 932 916
f 916 932 933 917
f 917 933 934 918
f 918 934 935 919
f 919 935 936 920
f 920 936 937 921
f 921 937 938 922
f 922 938 939 923
f 923 939 940 924
f 924 940 941 925
f 925 941 942 926
f 926 942 943 927
f 927 943 944 928
f 928 944 929 913
f 929 945 946 930
f 930 946 947 931
f 931 947 948 932
f 932 948 949 933
f 933 949 950 934
f 934 950 951 935
f 935 951 952 936
f 936 952 953 937
f 937 953 954 938
f 938 954 955 939
f 939 955 956 940
f 940 956 957 941
f 941 957 958 942
f 942 958 959 943
f 943 959 960 944
f 944 960 945 929
f 945 961 962 946
f 946 962 963 947
f 947 963 964 948
f 948 964 965 949
f 949 965 966 950
f 950 966 967 951
f 951 967 968 952
f 952 968 969 953
f 953 969 970 954
f 954 970 971 955
f 955 971 972 956
f 956 972 973 957
f 957 973 974 958
f 958 974 975 959
f 959 975 976 960
f 960 976 961 945
f 961 977 978 962
f 962 978 979 963
f 963 979 980 964
f 964 980 981 965
f 965 981 982 966
f 966 982 983 967
f 967 983 984 968
f 968 984 985 969
f 969 985 986 970
f 970 986 987 971
f 971 987 988 972
f 972 988 989 973
f 973 989 990 974
f 974 990 991 975
f 975 991 992 976
f 976 992 977 961
f 977 993 994 978
f 978 994 995 979
f 979 995 996 980
f 980 996 997 981
f 981 997 998 982
f 982 998 999 983
f 983 999 1000 984
f 984 1000 1001 985
f 985 1001 1002 986
f 986 1002 1003 987
f 987 1003 1004 988
f 988 1004 1005 989
f 989 1005 1006 990
f 990 1006 1007 991
f 991 1007 1008 992
f 992 1008 993 977
f 993 1009 1010 994
f 994 1010 1011 995
f 995 1011 1012 996
f 996 1012 1013 997
f 997 1013 1014 998
f 998 1014 1015 999
f 999 1015 1016 1000
f 1000 1016 1017 1001
f 1001 1017 1018 1002
f 1002 1018 1019 1003
f 1003 1019 1020 1004
f 1004 1020 1021 1005
f 1005 1021 1022 1006
f 1006 1022 1023 1007
f 1007 1023 1024 1008
f 1008 1024 1009 993
f 1009 1025 1026 1010
f 1010 1026 1027 1011
f 1011 1027 1028 1012
f 1012 1028 1029 1013
f 1013 1029 1030 1014
f 1014 1030 1031 1015
f 1015 1031 1032 1016
f 1016 1032 1033 1017
f 1017 1033 1034 1018
f 1018 1034 1035 1019
f 1019 1035 1036 1020
f 1020 1036 1037 1021
f 1021 1037 1038 1022
f 1022 1038 1039 1023
f 1023 1039 1040 1024
f 1024 1040 1025 1009
f 1025 1041 1042 1026
f 1026 1042 1043 1027
f 1027 1043 1044 1028
f 1028 1044 1045 1029
f 1029 1045 1046 1030
f 1030 1046 1047 1031
f 1031 1047 1048 1032
f 1032 1048 1049 1033
f 1033 1049 1050 1034
f 1034 1050 1051 1035
f 1035 1051 1052 1036
f 1036 1052 1053 1037
f 1037 1053 1054 1038
f 1038 1054 1055 1039
f 1039 1055 1056 1040
f 1040 1056 1041 1025
f 1041 1057 1058 1042
f 1042 1058 1059 1043
f 1043 1059 1060 1044
f 1044 1060 1061 1045
f 1045 1061 1062 1046
f 1046 1062 1063 1047
f 1047 1063 1064 1048
f 1048 1064 1065 1049
f 1049 1065 1066 1050
f 1050 1066 1067 1051
f 1051 1067 1068 1052
f 1052 1068 1069 1053
f 1053 1069 1070 1054
f 1054 1070 1071 1055
f 1055 1071 1072 1056
f 1056 1072 1057 1041
f 1057 1073 1074 1058
f 1058 1074 1075 1059
f 1059 1075 1076 1060
f 1060 1076 1077 1061
f 1061 1077 1078 1062
f 1062 1078 1079 1063
f 1063 1079 1080 1064
f 1064 1080 1081 1065
f 1065 1081 1082 1066
f 1066 1082 1083 1067
f 1067 1083 1084 1068
f 1068 1084 1085 1069
f 1069 1085 1086 1070
f 1070 1086 1087 1071
f 1071 1087 1088 1072
f 1072 1088 1073 1057
f 1073 1089 1090 1074
f 1074 1090 1091 1075
f 1075 1091 1092 1076
f 1076 1092 1093 1077
f 1077 1093 1094 1078
f 1078 1094 1095 1079
f 1079 1095 1096 1080
f 1080 1096 1097 1081
f 1081 1097 1098 1082
f 1082 1098 1099 1083
f 1083 1099 1100 1084
f 1084 1100 1101 1085
f 1085 1101 1102 1086
f 1086 1102 1103 1087
f 1087 1103 1104 1088
f 1088 1104 1089 1073
f 1089 1105 1106 1090
f 1090 1106 1107 1091
f 1091 1107 1108 1092
f 1092 1108 1109 1093
f 1093 1109 1110 1094
f 1094 1110 1111 1095
f 1095 1111 1112 1096
f 1096 1112 1113 1097
f 1097 1113 1114 1098
f 1098 1114 1115 1099
f 1099 1115 1116 1100
f 1100 1116 1117 1101
f 1101 1117 1118 1102
f 1102 1118 1119 1103
f 1103 1119 1120 1104
f 1104 1120 1105 1089
f 1105 1121 1122 1106
f 1106 1122 1123 1107
f 1107 1123 1124 1108
f 1108 1124 1125 1109
f 1109 1125 1126 1110
f 1110 1126 1127 1111
f 1111 1127 1128 1112
f 1112 1128 1129 1113
f 1113 1129 1130 1114
f 1114 1130 1131 1115
f 1115 1131 1132 1116
f 1116 1132 1133 1117
f 1117 1133 1134 1118
f 1118 1134 1135 1119
f 1119 1135 1136 1120
f 1120 1136 1121 1105
f 1121 1137 1138 1122
f 1122 1138 1139 1123
f 1123 1139 1140 1124
f 1124 1140 1141 1125
f 1125 1141 1142 1126
f 1126 1142 1143 1127
f 1127 1143 1144 1128
f 1128 1144 1145 1129
f 1129 1145 1146 1130
f 1130 1146 1147 1131
f 1131 1147 1148 1132
f 1132 1148 1149 1133
f 1133 1149 1150 1134
f 1134 1150 1151 1135
f 1135 1151 1152 1136
f 1136 1152 1137 1121
f 1137 1153 1154 1138
f 1138 1154 1155 1139
f 1139 1155 1156 1140
f 1140 1156 1157 1141
f 1141 1157 1158 1142
f 1142 1158 1159 1143
f 1143 1159 1160 1144
f 1144 1160 1161 1145
f 1145 1161 1162 1146
f 1146 1162 1163 1147
f 1147 1163 1164 1148
f 1148 1164 1165 1149
f 1149 1165 1166 1150
f 1150 1166 1167 1151
f 1151 1167 1168 1152
f 1152 1168 1153 1137
f 1153 1169 1170 1154
f 1154 1170 1171 1155
f 1155 1171 1172 1156
f 1156 1172 1173 1157
f 1157 1173 1174 1158
f 1158 1174 1175 1159
f 1159 1175 1176 1160
f 1160 1176 1177 1161
f 1161 1177 1178 1162
f 1162 1178 1179 1163
f 1163 1179 1180 1164
f 1164 1180 1181 1165
f 1165 1181 1182 1166
f 1166 1182 1183 1167
f 1167 1183 1184 1168
f 1168 1184 1169 1153
f 1169 1185 1186 1170
f 1170 1186 1187 1171
f 1171 1187 1188 1172
f 1172 1188 1189 1173
f 1173 1189 1190 1174
f 1174 1190 1191 1175
f 1175 1191 1192 1176
f 1176 1192 1193 1177
f 1177 1193 1194 1178
f 1178 1194 1195 1179
f 1179 1195 1196 1180
f 1180 1196 1197 1181
f 1181 1197 1198 1182
f 1182 1198 1199 1183
f 1183 1199 1200 1184
f 1184 1200 1185 1169
f 1185 1201 1202 1186
f 1186 1202 1203 1187
f 1187 1203 1204 1188
f 1188 1204 1205 1189
f 1189 1205 1206 1190
f 1190 1206 1207 1191
f 1191 1207 1208 1192
f 1192 1208 1209 1193
f 1193 1209 1210 1194
f 1194 1210 1211 1195
f 1195 1211 1212 1196
f 1196 1212 1213 1197
f 1197 1213 1214 1198
f 1198 1214 1215 1199
f 1199 1215 1216 1200
f 1200 1216 1201 1185
f 1201 1217 1218 1202
f 1202 1218 1219 1203
f 1203 1219 1220 1204
f 1204 1220 1221 1205
f 1205 1221 1222 1206
f 1206 1222 1223 1207
f 1207 1223 1224 1208
f 1208 1224 1225 1209
f 1209 1225 1226 1210
f 1210 1226 1227 1211
f 1211 1227 1228 1212
f 1212 1228 1229 1213
f 1213 1229 1230 1214
f 1214 1230 1231 1215
f 1215 1231 1232 1216
f 1216 1232 1217 1201
f 1217 1233 1234 1218
f 1218 1234 1235 1219
f 1219 1235 1236 1220
f 1220 1236 1237 1221
f 1221 1237 1238 1222
f 1222 1238 1239 1223
f 1223 1239 1240 1224
f 1224 1240 1241 1225
f 1225 1241 1242 1226
f 1226 1242 1243 1227
f 1227 1243 1244 1228
f 1228 1244 1245 1229
f 1229 1245 1246 1230
f 1230 1246 1247 1231
f 1231 1247 1248 1232
f 1232 1248 1233 1217
f 1233 1249 1250 1234
f 1234 1250 1251 1235
f 1235 1251 1252 1236
f 1236 1252 1253 1237
f 1237 1253 1254 1238
f 1238 1254 1255 1239
f 1239 1255 1256 1240
f 1240 1256 1257 1241
f 1241 1257 1258 1242
f 1242 1258 1259 1243
f 1243 1259 1260 1244
f 1244 1260 1261 1245
f 1245 1261 1262 1246
f 1246 1262 1263 1247
f 1247 1263 1264 1248
f 1248 1264 1249 1233
f 1249 1265 1266 1250
f 1250 1266 1267 1251
f 1251 1267 1268 1252
f 1252 1268 1269 1253
f 1253 1269 1270 1254
f 1254 1270 1271 1255
f 1255 1271 1272 1256
f 1256 1272 1273 1257
f 1257 1273 1274 1258
f 1258 1274 1275 1259
f 1259 1275 1276 1260
f 1260 1276 1277 1261
f 1261 1277 1278 1262
f 1262 1278 1279 1263
f 1263 1279 1280 1264
f 1264 1280 1265 1249
f 1265 1281 1282 1266
f 1266 1282 1283 1267
f 1267 1283 1284 1268
f 1268 1284 1285 1269
f 1269 1285 1286 1270
f 1270 1286 1287 1271
f 1271 1287 1288 1272
f 1272 1288 1289 1273
f 1273 1289 1290 1274
f 1274 1290 1291 1275
f 1275 1291 1292 1276
f 1276 1292 1293 1277
f 1277 1293 1294 1278
f 1278 1294 1295 1279
f 1279 1295 1296 1280
f 1280 1296 1281 1265
f 1281 1297 1298 1282
f 1282 1298 1299 1283
f 1283 1299 1300 1284
f 1284 1300 1301 1285
f 1285 1301 1302 1286
f 1286 1302 1303 1287
f 1287 1303 1304 1288
f 1288 1304 1305 1289
f 1289 1305 1306 1290
f 1290 1306 1307 1291
f 1291 1307 1308 1292
f 1292 1308 1309 1293
f 1293 1309 1310 1294
f 1294 1310 1311 1295
f 1295 1311 1312 1296
f 1296 1312 1297 1281
f 1297 1313 1314 1298
f 1298 1314 1315 1299
f 1299 1315 1316 1300
f 1300 1316 1317 1301
f 1301 1317 1318 1302
f 1302 1318 1319 1303
f 1303 1319 1320 1304
f 1304 1320 1321 1305
f 1305 1321 1322 1306
f 1306 1322 1323 1307
f 1307 1323 1324 1308
f 1308 1324 1325 1309
f 1309 1325 1326 1310
f 1310 1326 1327 1311
f 1311 1327 1328 1312
f 1312 1328 1313 1297
f 1313 1329 1330 1314
f 1314 1330 1331 1315
f 1315 1331 1332 1316
f 1316 1332 1333 1317
f 1317 1333 1334 1318
f 1318 1334 1335 1319
f 1319 1335 1336 1320
f 1320 1336 1337 1321
f 1321 1337 1338 1322
f 1322 1338 1339 1323
f 1323 1339 1340 1324
f 1324 1340 1341 1325
f 1325 1341 1342 1326
f 1326 1342 1343 1327
f 1327 1343 1344 1328
f 1328 1344 1329 1313
f 1329 1345 1346 1330
f 1330 1346 1347 1331
f 1331 1347 1348 1332
f 1332 1348 1349 1333
f 1333 1349 1350 1334
f 1334 1350 1351 1335
f 1335 1351 1352 1336
f 1336 1352 1353 1337
f 1337 1353 1354 1338
f 1338 1354 1355 1339
f 1339 1355 1356 1340
f 1340 1356 1357 1341
f 1341 1357 1358 1342
f 1342 1358 1359 1343
f 1343 1359 1360 1344
f 1344 1360 1345 1329
f 1345 1361 1362 1346
f 1346 1362 1363 1347
f 1347 1363 1364 1348
f 1348 1364 1365 1349
f 1349 1365 1366 1350
f 1350 1366 1367 1351
f 1351 1367 1368 1352
f 1352 1368 1369 1353
f 1353 1369 1370 1354
f 1354 1370 1371 1355
f 1355 1371 1372 1356
f 1356 1372 1373 1357
f 1357 1373 1374 1358
f 1358 1374 1375 1359
f 1359 1375 1376 1360
f 1360 1376 1361 1345
f 1361 1377 1378 1362
f 1362 1378 1379 1363
f 1363 1379 1380 1364
f 1364 1380 1381 1365
f 1365 1381 1382 1366
f 1366 1382 1383 1367
f 1367 1383 1384 1368
f 1368 1384 1385 1369
f 1369 1385 1386 1370
f 1370 1386 1387 1371
f 1371 1387 1388 1372
f 1372 1388 1389 1373
f 1373 1389 1390 1374
f 1374 1390 1391 1375
f 1375 1391 1392 1376
f 1376 1392 1377 1361
f 1377 1393 1394 1378
f 1378 1394 1395 1379
f 1379 1395 1396 1380
f 1380 1396 1397 1381
f 1381 1397 1398 1382
f 1382 1398 1399 1383
f 1383 1399 1400 1384
f 1384 1400 1401 1385
f 1385 1401 1402 1386
f 1386 1402 1403 1387
f 1387 1403 1404 1388
f 1388 1404 1405 1389
f 1389 1405 1406 1390
f 1390 1406 1407 1391
f 1391 1407 1408 1392
f 1392 1408 1393 1377
f 1393 1409 1410 1394
f 1394 1410 1411 1395
f 1395 1411 1412 1396
f 1396 1412 1413 1397
f 1397 1413 1414 1398
f 1398 1414 1415 1399
f 1399 1415 1416 1400
f 1400 1416 1417 1401
f 1401 1417 1418 1402
f 1402 1418 1419 1403
f 1403 1419 1420 1404
f 1404 1420 1421 1405
f 1405 1421 1422 1406
f 1406 1422 1423 1407
f 1407 1423 1424 1408
f 1408 1424 1409 1393
f 1409 1425 1426 1410
f 1410 1426 1427 1411
f 1411 1427 1428 1412
f 1412 1428 1429 1413
f 1413 1429 1430 1414
f 1414 1430 1431 1415
f 1415 1431 1432 1416
f 1416 1432 1433 1417
f 1417 1433 1434 1418
f 1418 1434 1435 1419
f 1419 1435 1436 1420
f 1420 1436 1437 1421
f 1421 1437 1438 1422
f 1422 1438 1439 1423
f 1423 1439 1440 1424
f 1424 1440 1425 1409
f 1425 1441 1442 1426
f 1426 1442 1443 1427
f 1427 1443 1444 1428
f 1428 1444 1445 1429
f 1429 1445 1446 1430
f 1430 1446 1447 1431
f 1431 1447 1448 1432
f 1432 1448 1449 1433
f 1433 1449 1450 1434
f 1434 1450 1451 1435
f 1435 1451 1452 1436
f 1436 1452 1453 1437
f 1437 1453 1454 1438
f 1438 1454 1455 1439
f 1439 1455 1456 1440
f 1440 1456 1441 1425
f 1441 1457 1458 1442
f 1442 1458 1459 1443
f 1443 1459 1460 1444
f 1444 1460 1461 1445
f 1445 1461 1462 1446
f 1446 1462 1463 1447
f 1447 1463 1464 1448
f 1448 1464 1465 1449
f 1449 1465 1466 1450
f 1450 1466 1467 1451
f 1451 1467 1468 1452
f 1452 1468 1469 1453
f 1453 1469 1470 1454
f 1454 1470 1471 1455
f 1455 1471 1472 1456
f 1456 1472 1457 1441
f 1457 1473 1474 1458
f 1458 1474 1475 1459
f 1459 1475 1476 1460
f 1460 1476 1477 1461
f 1461 1477 1478 1462
f 1462 1478 1479 1463
f 1463 1479 1480 1464
f 1464 1480 1481 1465
f 1465 1481 1482 1466
f 1466 1482 1483 1467
f 1467 1483 1484 1468
f 1468 1484 1485 1469
f 1469 1485 1486 1470
f 1470 1486 1487 1471
f 1471 1487 1488 1472
f 1472 1488 1473 1457
f 1473 1489 1490 1474
f 1474 1490 1491 1475
f 1475 1491 1492 1476
f 1476 1492 1493 1477
f 1477 1493 1494 1478
f 1478 1494 1495 1479
f 1479 1495 1496 1480
f 1480 1496 1497 1481
f 1481 1497 1498 1482
f 1482 1498 1499 1483
f 1483 1499 1500 1484
f 1484 1500 1501 1485
f 1485 1501 1502 1486
f 1486 1502 1503 1487
f 1487 1503 1504 1488
f 1488 1504 1489 1473
f 1489 1505 1506 1490
f 1490 1506 1507 1491
f 1491 1507 1508 1492
f 1492 1508 1509 1493
f 1493 1509 1510 1494
f 1494 1510 1511 1495
f 1495 1511 1512 1496
f 1496 1512 1513 1497
f 1497 1513 1514 1498
f 1498 1514 1515 1499
f 1499 1515 1516 1500
f 1500 1516 1517 1501
f 1501 1517 1518 1502
f 1502 1518 1519 1503
f 1503 1519 1520 1504
f 1504 1520 1505 1489
f 1505 1521 1522 1506
f 1506 1522 1523 1507
f 1507 1523 1524 1508
f 1508 1524 1525 1509
f 1509 1525 1526 1510
f 1510 1526 1527 1511
f 1511 1527 1528 1512
f 1512 1528 1529 1513
f 1513 1529 1530 1514
f 1514 1530 1531 1515
f 1515 1531 1532 1516
f 1516 1532 1533 1517
f 1517 1533 1534 1518
f 1518 1534 1535 1519
f 1519 1535 1536 1520
f 1520 1536 1521 1505
f 1521 1537 1538 1522
f 1522 1538 1539 1523
f 1523 1539 1540 1524
f 1524 1540 1541 1525
f 1525 1541 1542 1526
f 1526 1542 1543 1527
f 1527 1543 1544 1528
f 1528 1544 1545 1529
f 1529 1545 1546 1530
f 1530 1546 1547 1531
f 1531 1547 1548 1532
f 1532 1548 1549 1533
f 1533 1549 1550 1534
f 1534 1550 1551 1535
f 1535 1551 1552 1536
f 1536 1552 1537 1521
f 1537 1553 1554 1538
f 1538 1554 1555 1539
f 1539 1555 1556 1540
f 1540 1556 1557 1541
f 1541 1557 1558 1542
f 1542 1558 1559 1543
f 1543 1559 1560 1544
f 1544 1560 1561 1545
f 1545 1561 1562 1546
f 1546 1562 1563 1547
f 1547 1563 1564 1548
f 1548 1564 1565 1549
f 1549 1565 1566 1550
f 1550 1566 1567 1551
f 1551 1567 1568 1552
f 1552 1568 1553 1537
f 1553 1569 1570 1554
f 1554 1570 1571 1555
f 1555 1571 1572 1556
f 1556 1572 1573 1557
f 1557 1573 1574 1558
f 1558 1574 1575 1559
f 1559 1575 1576 1560
f 1560 1576 1577 1561
f 1561 1577 1578 1562
f 1562 1578 1579 1563
f 1563 1579 1580 1564
f 1564 1580 1581 1565
f 1565 1581 1582 1566
f 1566 1582 1583 1567
f 1567 1583 1584 1568
f 1568 1584 1569 1553
f 1569 1585 1586 1570
f 1570 1586 1587 1571
f 1571 1587 1588 1572
f 1572 1588 1589 1573
f 1573 1589 1590 1574
f 1574 1590 1591 1575
f 1575 1591 1592 1576
f 1576 1592 1593 1577
f 1577 1593 1594 1578
f 1578 1594 1595 1579
f 1579 1595 1596 1580
f 1580 1596 1597 1581
f 1581 1597 1598 1582
f 1582 1598 1599 1583
f 1583 1599 1600 1584
f 1584 1600 1585 1569
f 1585 1601 1602 1586
f 1586 1602 1603 1587
f 1587 1603 1604 1588
f 1588 1604 1605 1589
f 1589 1605 1606 1590
f 1590 1606 1607 1591
f 1591 1607 1608 1592
f 1592 1608 1609 1593
f 1593 1609 1610 1594
f 1594 1610 1611 1595
f 1595 1611 1612 1596
f 1596 1612 1613 1597
f 1597 1613 1614 1598
f 1598 1614 1615 1599
f 1599 1615 1616 1600
f 1600 1616 1601 1585
f 1601 1617 1618 1602
f 1602 1618 1619 1603
f 1603 1619 1620 1604
f 1604 1620 1621 1605
f 1605 1621 1622 1606
f 1606 1622 1623 1607
f 1607 1623 1624 1608
f 1608 1624 1625 1609
f 1609 1625 1626 1610
f 1610 1626 1627 1611
f 1611 1627 1628 1612
f 1612 1628 1629 1613
f 1613 1629 1630 1614
f 1614 1630 1631 1615
f 1615 1631 1632 1616
f 1616 1632 1617 1601
f 1617 1633 1634 1618
f 1618 1634 1635 1619
f 1619 1635 1636 1620
f 1620 1636 1637 1621
f 1621 1637 1638 1622
f 1622 1638 1639 1623
f 1623 1639 1640 1624
f 1624 1640 1641 1625
f 1625 1641 1642 1626
f 1626 1642 1643 1627
f 1627 1643 1644 1628
f 1628 1644 1645 1629
f 1629 1645 1646 1630
f 1630 1646 1647 1631
f 1631 1647 1648 1632
f 1632 1648 1633 1617
f 1633 1649 1650 1634
f 1634 1650 1651 1635
f 1635 1651 1652 1636
f 1636 1652 1653 1637
f 1637 1653 1654 1638
f 1638 1654 1655 1639
f 1639 1655 1656 1640
f 1640 1656 1657 1641
f 1641 1657 1658 1642
f 1642 1658 1659 1643
f 1643 1659 1660 1644
f 1644 1660 1661 1645
f 1645 1661 1662 1646
f 1646 1662 1663 1647
f 1647 1663 1664 1648
f 1648 1664 1649 1633
f 1649 1665 1666 1650
f 1650 1666 1667 1651
f 1651 1667 1668 1652
f 1652 1668 1669 1653
f 1653 1669 1670 1654
f 1654 1670 1671 1655
f 1655 1671 1672 1656
f 1656 1672 1673 1657
f 1657 1673 1674 1658
f 1658 1674 1675 1659
f 1659 1675 1676 1660
f 1660 1676 1677 1661
f 1661 1677 1678 1662
f 1662 1678 1679 1663
f 1663 1679 1680 1664
f 1664 1680 1665 1649
f 1665 1681 1682 1666
f 1666 1682 1683 1667
f 1667 1683 1684 1668
f 1668 1684 1685 1669
f 1669 1685 1686 1670
f 1670 1686 1687 1671
f 1671 1687 1688 1672
f 1672 1688 1689 1673
f 1673 1689 1690 1674
f 1674 1690 1691 1675
f 1675 1691 1692 1676
f 1676 1692 1693 1677
f 1677 1693 1694 1678
f 1678 1694 1695 1679
f 1679 1695 1696 1680
f 1680 1696 1681 1665
f 1681 1697 1698 1682
f 1682 1698 1699 1683
f 1683 1699 1700 1684
f 1684 1700 1701 1685
f 1685 1701 1702 1686
f 1686 1702 1703 1687
f 1687 1703 1704 1688
f 1688 1704 1705 1689
f 1689 1705 1706 1690
f 1690 1706 1707 1691
f 1691 1707 1708 1692
f 1692 1708 1709 1693
f 1693 1709 1710 1694
f 1694 1710 1711 1695
f 1695 1711 1712 1696
f 1696 1712 1697 1681
f 1697 1713 1714 1698
f 1698 1714 1715 1699
f 1699 1715 1716 1700
f 1700 1716 1717 1701
f 1701 1717 1718 1702
f 1702 1718 1719 1703
f 1703 1719 1720 1704
f 1704 1720 1721 1705
f 1705 1721 1722 1706
f 1706 1722 1723 1707
f 1707 1723 1724 1708
f 1708 1724 1725 1709
f 1709 1725 1726 1710
f 1710 1726 1727 1711
f 1711 1727 1728 1712
f 1712 1728 1713 1697
f 1713 1729 1730 1714
f 1714 1730 1731 1715
f 1715 1731 1732 1716
f 1716 1732 1733 1717
f 1717 1733 1734 1718
f 1718 1734 1735 1719
f 1719 1735 1736 1720
f 1720 1736 1737 1721
f 1721 1737 1738 1722
f 1722 1738 1739 1723
f 1723 1739 1740 1724
f 1724 1740 1741 1725
f 1725 1741 1742 1726
f 1726 1742 1743 1727
f 1727 1743 1744 1728
f 1728 1744 1729 1713
f 1729 1745 1746 1730
f 1730 1746 1747 1731
f 1731 1747 1748 1732
f 1732 1748 1749 1733
f 1733 1749 1750 1734
f 1734 1750 1751 1735
f 1735 1751 1752 1736
f 1736 1752 1753 1737
f 1737 1753 1754 1738
f 1738 1754 1755 1739
f 1739 1755 1756 1740
f 1740 1756 1757 1741
f 1741 1757 1758 1742
f 1742 1758 1759 1743
f 1743 1759 1760 1744
f 1744 1760 1745 1729
f 1745 1761 1762 1746
f 1746 1762 1763 1747
f 1747 1763 1764 1748
f 1748 1764 1765 1749
f 1749 1765 1766 1750
f 1750 1766 1767 1751
f 1751 1767 1768 1752
f 1752 1768 1769 1753
f 1753 1769 1770 1754
f 1754 1770 1771 1755
f 1755 1771 1772 1756
f 1756 1772 1773 1757
f 1757 1773 1774 1758
f 1758 1774 1775 1759
f 1759 1775 1776 1760
f 1760 1776 1761 1745
f 1761 1777 1778 1762
f 1762 1778 1779 1763
f 1763 1779 1780 1764
f 1764 1780 1781 1765
f 1765 1781 1782 1766
f 1766 1782 1783 1767
f 1767 1783 1784 1768
f 1768 1784 1785 1769
f 1769 1785 1786 1770
f 1770 1786 1787 1771
f 1771 1787 1788 1772
f 1772 1788 1789 1773
f 1773 1789 1790 1774
f 1774 1790 1791 1775
f 1775 1791 1792 1776
f 1776 1792 1777 1761
f 1777 1793 1794 1778
f 1778 1794 1795 1779
f 1779 1795 1796 1780
f 1780 1796 1797 1781
f 1781 1797 1798 1782
f 1782 1798 1799 1783
f 1783 1799 1800 1784
f 1784 1800 1801 1785
f 1785 1801 1802 1786
f 1786 1802 1803 1787
f 1787 1803 1804 1788
f 1788 1804 1805 1789
f 1789 1805 1806 1790
f 1790 1806 1807 1791
f 1791 1807 1808 1792
f 1792 1808 1793 1777
f 1793 1809 1810 1794
f 1794 1810 1811 1795
f 1795 1811 1812 1796
f 1796 1812 1813 1797
f 1797 1813 1814 1798
f 1798 1814 1815 1799
f 1799 1815 1816 1800
f 1800 1816 1817 1801
f 1801 1817 1818 1802
f 1802 1818 1819 1803
f 1803 1819 1820 1804
f 1804 1820 1821 1805
f 1805 1821 1822 1806
f 1806 1822 1823 1807
f 1807 1823 1824 1808
f 1808 1824 1809 1793
f 1809 1825 1826 1810
f 1810 1826 1827 1811
f 1811 1827 1828 1812
f 1812 1828 1829 1813
f 1813 1829 1830 1814
f 1814 1830 1831 1815
f 1815 1831 1832 1816
f 1816 1832 1833 1817
f 1817 1833 1834 1818
f 1818 1834 1835 1819
f 1819 1835 1836 1820
f 1820 1836 1837 1821
f 1821 1837 1838 1822
f 1822 1838 1839 1823
f 1823 1839 1840 1824
f 1824 1840 1825 1809
f 1825 1841 1842 1826
f 1826 1842 1843 1827
f 1827 1843 1844 1828
f 1828 1844 1845 1829
f 1829 1845 1846 1830
f 1830 1846 1847 1831
f 1831 1847 1848 1832
f 1832 1848 1849 1833
f 1833 1849 1850 1834
f 1834 1850 1851 1835
f 1835 1851 1852 1836
f 1836 1852 1853 1837
f 1837 1853 1854 1838
f 1838 1854 1855 1839
f 1839 1855 1856 1840
f 1840 1856 1841 1825
f 1841 1857 1858 1842
f 1842 1858 1859 1843
f 1843 1859 1860 1844
f 1844 1860 1861 1845
f 1845 1861 1862 1846
f 1846 1862 1863 1847
f 1847 1863 1864 1848
f 1848 1864 1865 1849
f 1849 1865 1866 1850
f 1850 1866 1867 1851
f 1851 1867 1868 1852
f 1852 1868 1869 1853
f 1853 1869 1870 1854
f 1854 1870 1871 1855
f 1855 1871 1872 1856
f 1856 1872 1857 1841
f 1857 1873 1874 1858
f 1858 1874 1875 1859
f 1859 1875 1876 1860
f 1860 1876 1877 1861
f 1861 1877 1878 1862
f 1862 1878 1879 1863
f 1863 1879 1880 1864
f 1864 1880 1881 1865
f 1865 1881 1882 1866
f 1866 1882 1883 1867
f 1867 1883 1884 1868
f 1868 1884 1885 1869
f 1869 1885 1886 1870
f 1870 1886 1887 1871
f 1871 1887 1888 1872
f 1872 1888 1873 1857
f 1873 1889 1890 1874
f 1874 1890 1891 1875
f 1875 1891 1892 1876
f 1876 1892 1893 1877
f 1877 1893 1894 1878
f 1878 1894 1895 1879
f 1879 1895 1896 1880
f 1880 1896 1897 1881
f 1881 1897 1898 1882
f 1882 1898 1899 1883
f 1883 1899 1900 1884
f 1884 1900 1901 1885
f 1885 1901 1902 1886
f 1886 1902 1903 1887
f 1887 1903 1904 1888
f 1888 1904 1889 1873
f 1889 1905 1906 1890
f 1890 1906 1907 1891
f 1891 1907 1908 1892
f 1892 1908 1909 1893
f 1893 1909 1910 1894
f 1894 1910 1911 1895
f 1895 1911 1912 1896
f 1896 1912 1913 1897
f 1897 1913 1914 1898
f 1898 1914 1915 1899
f 1899 1915 1916 1900
f 1900 1916 1917 1901
f 1901 1917 1918 1902
f 1902 1918 1919 1903
f 1903 1919 1920 1904
f 1904 1920 1905 1889
f 1905 1921 1922 1906
f 1906 1922 1923 1907
f 1907 1923 1924 1908
f 1908 1924 1925 1909
f 1909 1925 1926 1910
f 1910 1926 1927 1911
f 1911 1927 1928 1912
f 1912 1928 1929 1913
f 1913 1929 1930 1914
f 1914 1930 1931 1915
f 1915 1931 1932 1916
f 1916 1932 1933 1917
f 1917 1933 1934 1918
f 1918 1934 1935 1919
f 1919 1935 1936 1920
f 1920 1936 1921 1905
f 1921 1937 1938 1922
f 1922 1938 1939 1923
f 1923 1939 1940 1924
f 1924 1940 1941 1925
f 1925 1941 1942 1926
f 1926 1942 1943 1927
f 1927 1943 1944 1928
f 1928 1944 1945 1929
f 1929 1945 1946 1930
f 1930 1946 1947 1931
f 1931 1947 1948 1932
f 1932 1948 1949 1933
f 1933 1949 1950 1934
f 1934 1950 1951 1935
f 1935 1951 1952 1936
f 1936 1952 1937 1921
f 1937 1953 1954 1938
f 1938 1954 1955 1939
f 1939 1955 1956 1940
f 1940 1956 1957 1941
f 1941 1957 1958 1942
f 1942 1958 1959 1943
f 1943 1959 1960 1944
f 1944 1960 1961 1945
f 1945 1961 1962 1946
f 1946 1962 1963 1947
f 1947 1963 1964 1948
f 1948 1964 1965 1949
f 1949 1965 1966 1950
f 1950 1966 1967 1951
f 1951 1967 1968 1952
f 1952 1968 1953 1937
f 1953 1969 1970 1954
f 1954 1970 1971 1955
f 1955 1971 1972 1956
f 1956 1972 1973 1957
f 1957 1973 1974 1958
f 1958 1974 1975 1959
f 1959 1975 1976 1960
f 1960 1976 1977 1961
f 1961 1977 1978 1962
f 1962 1978 1979 1963
f 1963 1979 1980 1964
f 1964 1980 1981 1965
f 1965 1981 1982 1966
f 1966 1982 1983 1967
f 1967 1983 1984 1968
f 1968 1984 1969 1953
f 1969 1985 1986 1970
f 1970 1986 1987 1971
f 1971 1987 1988 1972
f 1972 1988 1989 1973
f 1973 1989 1990 1974
f 1974 1990 1991 1975
f 1975 1991 1992 1976
f 1976 1992 1993 1977
f 1977 1993 1994 1978
f 1978 1994 1995 1979
f 1979 1995 1996 1980
f 1980 1996 1997 1981
f 1981 1997 1998 1982
f 1982 1998 1999 1983
f 1983 1999 2000 1984
f 1984 2000 1985 1969
f 1985 2001 2002 1986
f 1986 2002 2003 1987
f 1987 2003 2004 1988
f 1988 2004 2005 1989
f 1989 2005 2006 1990
f 1990 2006 2007 1991
f 1991 2007 2008 1992
f 1992 2008 2009 1993
f 1993 2009 2010 1994
f 1994 2010 2011 1995
f 1995 2011 2012 1996
f 1996 2012 2013 1997
f 1997 2013 2014 1998
f 1998 2014 2015 1999
f 1999 2015 2016 2000
f 2000 2016 2001 1985
f 2001 2017 2018 2002
f 2002 2018 2019 2003
f 2003 2019 2020 2004
f 2004 2020 2021 2005
f 2005 2021 2022 2006
f 2006 2022 2023 2007
f 2007 2023 2024 2008
f 2008 2024 2025 2009
f 2009 2025 2026 2010
f 2010 2026 2027 2011
f 2011 2027 2028 2012
f 2012 2028 2029 2013
f 2013 2029 2030 2014
f 2014 2030 2031 2015
f 2015 2031 2032 2016
f 2016 2032 2017 2001
f 2017 2033 2034 2018
f 2018 2034 2035 2019
f 2019 2035 2036 2020
f 2020 2036 2037 2021
f 2021 2037 2038 2022
f 2022 2038 2039 2023
f 2023 2039 2040 2024
f 2024 2040 2041 2025
f 2025 2041 2042 2026
f 2026 2042 2043 2027
f 2027 2043 2044 2028
f 2028 2044 2045 2029
f 2029 2045 2046 2030
f 2030 2046 2047 2031
f 2031 2047 2048 2032
f 2032 2048 2033 2017
f 2033 2049 2050 2034
f 2034 2050 2051 2035
f 2035 2051 2052 2036
f 2036 2052 2053 2037
f 2037 2053 2054 2038
f 2038 2054 2055 2039
f 2039 2055 2056 2040
f 2040 2056 2057 2041
f 2041 2057 2058 2042
f 2042 2058 2059 2043
f 2043 2059 2060 2044
f 2044 2060 2061 2045
f 2045 2061 2062 2046
f 2046 2062 2063 2047
f 2047 2063 2064 2048
f 2048 2064 2049 2033
f 2049 2065 2066 2050
f 2050 2066 2067 2051
f 2051 2067 2068 2052
f 2052 2068 2069 2053
f 2053 2069 2070 2054
f 2054 2070 2071 2055
f 2055 2071 2072 2056
f 2056 2072 2073 2057
f 2057 2073 2074 2058
f 2058 2074 2075 2059
f 2059 2075 2076 2060
f 2060 2076 2077 2061
f 2061 2077 2078 2062
f 2062 2078 2079 2063
f 2063 2079 2080 2064
f 2064 2080 2065 2049
f 2065 2081 2082 2066
f 2066 2082 2083 2067
f 2067 2083 2084 2068
f 2068 2084 2085 2069
f 2069 2085 2086 2070
f 2070 2086 2087 2071
f 2071 2087 2088 2072
f 2072 2088 2089 2073
f 2073 2089 2090 2074
f 2074 2090 2091 2075
f 2075 2091 2092 2076
f 2076 2092 2093 2077
f 2077 2093 2094 2078
f 2078 2094 2095 2079
f 2079 2095 2096 2080
f 2080 2096 2081 2065
f 2081 2097 2098 2082
f 2082 2098 2099 2083
f 2083 2099 2100 2084
f 2084 2100 2101 2085
f 2085 2101 2102 2086
f 2086 2102 2103 2087
f 2087 2103 2104 2088
f 2088 2104 2105 2089
f 2089 2105 2106 2090
f 2090 2106 2107 2091
f 2091 2107 2108 2092
f 2092 2108 2109 2093
f 2093 2109 2110 2094
f 2094 2110 2111 2095
f 2095 2111 2112 2096
f 2096 2112 2097 2081
f 2097 2113 2114 2098
f 2098 2114 2115 2099
f 2099 2115 2116 2100
f 2100 2116 2117 2101
f 2101 2117 2118 2102
f 2102 2118 2119 2103
f 2103 2119 2120 2104
f 2104 2120 2121 2105
f 2105 2121 2122 2106
f 2106 2122 2123 2107
f 2107 2123 2124 2108
f 2108 2124 2125 2109
f 2109 2125 2126 2110
f 2110 2126 2127 2111
f 2111 2127 2128 2112
f 2112 2128 2113 2097
f 2113 2129 2130 2114
f 2114 2130 2131 2115
f 2115 2131 2132 2116
f 2116 2132 2133 2117
f 2117 2133 2134 2118
f 2118 2134 2135 2119
f 2119 2135 2136 2120
f 2120 2136 2137 2121
f 2121 2137 2138 2122
f 2122 2138 2139 2123
f 2123 2139 2140 2124
f 2124 2140 2141 2125
f 2125 2141 2142 2126
f 2126 2142 2143 2127
f 2127 2143 2144 2128
f 2128 2144 2129 2113
f 2129 2145 2146 2130
f 2130 2146 2147 2131
f 2131 2147 2148 2132
f 2132 2148 2149 2133
f 2133 2149 2150 2134
f 2134 2150 2151 2135
f 2135 2151 2152 2136
f 2136 2152 2153 2137
f 2137 2153 2154 2138
f 2138 2154 2155 2139
f 2139 2155 2156 2140
f 2140 2156 2157 2141
f 2141 2157 2158 2142
f 2142 2158 2159 2143
f 2143 2159 2160 2144
f 2144 2160 2145 2129
f 2145 2161 2162 2146
f 2146 2162 2163 2147
f 2147 2163 2164 2148
f 2148 2164 2165 2149
f 2149 2165 2166 2150
f 2150 2166 2167 2151
f 2151 2167 2168 2152
f 2152 2168 2169 2153
f 2153 2169 2170 2154
f 2154 2170 2171 2155
f 2155 2171 2172 2156
f 2156 2172 2173 2157
f 2157 2173 2174 2158
f 2158 2174 2175 2159
f 2159 2175 2176 2160
f 2160 2176 2161 2145
f 2161 2177 2178 2162
f 2162 2178 2179 2163
f 2163 2179 2180 2164
f 2164 2180 2181 2165
f 2165 2181 2182 2166
f 2166 2182 2183 2167
f 2167 2183 2184 2168
f 2168 2184 2185 2169
f 2169 2185 2186 2170
f 2170 2186 2187 2171
f 2171 2187 2188 2172
f 2172 2188 2189 2173
f 2173 2189 2190 2174
f 2174 2190 2191 2175
f 2175 2191 2192 2176
f 2176 2192 2177 2161
f 2177 2193 2194 2178
f 2178 2194 2195 2179
f 2179 2195 2196 2180
f 2180 2196 2197 2181
f 2181 2197 2198 2182
f 2182 2198 2199 2183
f 2183 2199 2200 2184
f 2184 2200 2201 2185
f 2185 2201 2202 2186
f 2186 2202 2203 2187
f 2187 2203 2204 2188
f 2188 2204 2205 2189
f 2189 2205 2206 2190
f 2190 2206 2207 2191
f 2191 2207 2208 2192
f 2192 2208 2193 2177
f 2193 2209 2210 2194
f 2194 2210 2211 2195
f 2195 2211 2212 2196
f 2196 2212 2213 2197
f 2197 2213 2214 2198
f 2198 2214 2215 2199
f 2199 2215 2216 2200
f 2200 2216 2217 2201
f 2201 2217 2218 2202
f 2202 2218 2219 2203
f 2203 2219 2220 2204
f 2204 2220 2221 2205
f 2205 2221 2222 2206
f 2206 2222 2223 2207
f 2207 2223 2224 2208
f 2208 2224 2209 2193
f 2209 2225 2226 2210
f 2210 2226 2227 2211
f 2211 2227 2228 2212
f 2212 2228 2229 2213
f 2213 2229 2230 2214
f 2214 2230 2231 2215
f 2215 2231 2232 2216
f 2216 2232 2233 2217
f 2217 2233 2234 2218
f 2218 2234 2235 2219
f 2219 2235 2236 2220
f 2220 2236 2237 2221
f 2221 2237 2238 2222
f 2222 2238 2239 2223
f 2223 2239 2240 2224
f 2224 2240 2225 2209
f 2225 2241 2242 2226
f 2226 2242 2243 2227
f 2227 2243 2244 2228
f 2228 2244 2245 2229
f 2229 2245 2246 2230
f 2230 2246 2247 2231
f 2231 2247 2248 2232
f 2232 2248 2249 2233
f 2233 2249 2250 2234
f 2234 2250 2251 2235
f 2235 2251 2252 2236
f 2236 2252 2253 2237
f 2237 2253 2254 2238
f 2238 2254 2255 2239
f 2239 2255 2256 2240
f 2240 2256 2241 2225
f 2241 2257 2258 2242
f 2242 2258 2259 2243
f 2243 2259 2260 2244
f 2244 2260 2261 2245
f 2245 2261 2262 2246
f 2246 2262 2263 2247
f 2247 2263 2264 2248
f 2248 2264 2265 2249
f 2249 2265 2266 2250
f 2250 2266 2267 2251
f 2251 2267 2268 2252
f 2252 2268 2269 2253
f 2253 2269 2270 2254
f 2254 2270 2271 2255
f 2255 2271 2272 2256
f 2256 2272 2257 2241
f 2257 2273 2274 2258
f 2258 2274 2275 2259
f 2259 2275 2276 2260
f 2260 2276 2277 2261
f 2261 2277 2278 2262
f 2262 2278 2279 2263
f 2263 2279 2280 2264
f 2264 2280 2281 2265
f 2265 2281 2282 2266
f 2266 2282 2283 2267
f 2267 2283 2284 2268
f 2268 2284 2285 2269
f 2269 2285 2286 2270
f 2270 2286 2287 2271
f 2271 2287 2288 2272
f 2272 2288 2273 2257
f 2273 2289 2290 2274
f 2274 2290 2291 2275
f 2275 2291 2292 2276
f 2276 2292 2293 2277
f 2277 2293 2294 2278
f 2278 2294 2295 2279
f 2279 2295 2296 2280
f 2280 2296 2297 2281
f 2281 2297 2298 2282
f 2282 2298 2299 2283
f 2283 2299 2300 2284
f 2284 2300 2301 2285
f 2285 2301 2302 2286
f 2286 2302 2303 2287
f 2287 2303 2304 2288
f 2288 2304 2289 2273
f 2289 2305 2306 2290
f 2290 2306 2307 2291
f 2291 2307 2308 2292
f 2292 2308 2309 2293
f 2293 2309 2310 2294
f 2294 2310 2311 2295
f 2295 2311 2312 2296
f 2296 2312 2313 2297
f 2297 2313 2314 2298
f 2298 2314 2315 2299
f 2299 2315 2316 2300
f 2300 2316 2317 2301
f 2301 2317 2318 2302
f 2302 2318 2319 2303
f 2303 2319 2320 2304
f 2304 2320 2305 2289
f 2305 2321 2322 2306
f 2306 2322 2323 2307
f 2307 2323 2324 2308
f 2308 2324 2325 2309
f 2309 2325 2326 2310
f 2310 2326 2327 2311
f 2311 2327 2328 2312
f 2312 2328 2329 2313
f 2313 2329 2330 2314
f 2314 2330 2331 2315
f 2315 2331 2332 2316
f 2316 2332 2333 2317
f 2317 2333 2334 2318
f 2318 2334 2335 2319
f 2319 2335 2336 2320
f 2320 2336 2321 2305
f 2321 2337 2338 2322
f 2322 2338 2339 2323
f 2323 2339 2340 2324
f 2324 2340 2341 2325
f 2325 2341 2342 2326
f 2326 2342 2343 2327
f 2327 2343 2344 2328
f 2328 2344 2345 2329
f 2329 2345 2346 2330
f 2330 2346 2347 2331
f 2331 2347 2348 2332
f 2332 2348 2349 2333
f 2333 2349 2350 2334
f 2334 2350 2351 2335
f 2335 2351 2352 2336
f 2336 2352 2337 2321
f 2337 2353 2354 2338
f 2338 2354 2355 2339
f 2339 2355 2356 2340
f 2340 2356 2357 2341
f 2341 2357 2358 2342
f 2342 2358 2359 2343
f 2343 2359 2360 2344
f 2344 2360 2361 2345
f 2345 2361 2362 2346
f 2346 2362 2363 2347
f 2347 2363 2364 2348
f 2348 2364 2365 2349
f 2349 2365 2366 2350
f 2350 2366 2367 2351
f 2351 2367 2368 2352
f 2352 2368 2353 2337
f 2353 2369 2370 2354
f 2354 2370 2371 2355
f 2355 2371 2372 2356
f 2356 2372 2373 2357
f 2357 2373 2374 2358
f 2358 2374 2375 2359
f 2359 2375 2376 2360
f 2360 2376 2377 2361
f 2361 2377 2378 2362
f 2362 2378 2379 2363
f 2363 2379 2380 2364
f 2364 2380 2381 2365
f 2365 2381 2382 2366
f 2366 2382 2383 2367
f 2367 2383 2384 2368
f 2368 2384 2369 2353
f 2369 2385 2386 2370
f 2370 2386 2387 2371
f 2371 2387 2388 2372
f 2372 2388 2389 2373
f 2373 2389 2390 2374
f 2374 2390 2391 2375
f 2375 2391 2392 2376
f 2376 2392 2393 2377
f 2377 2393 2394 2378
f 2378 2394 2395 2379
f 2379 2395 2396 2380
f 2380 2396 2397 2381
f 2381 2397 2398 2382
f 2382 2398 2399 2383
f 2383 2399 2400 2384
f 2384 2400 2385 2369
f 2385 2401 2402 2386
f 2386 2402 2403 2387
f 2387 2403 2404 2388
f 2388 2404 2405 2389
f 2389 2405 2406 2390
f 2390 2406 2407 2391
f 2391 2407 2408 2392
f 2392 2408 2409 2393
f 2393 2409 2410 2394
f 2394 2410 2411 2395
f 2395 2411 2412 2396
f 2396 2412 2413 2397
f 2397 2413 2414 2398
f 2398 2414 2415 2399
f 2399 2415 2416 2400
f 2400 2416 2401 2385
f 2401 2417 2418 2402
f 2402 2418 2419 2403
f 2403 2419 2420 2404
f 2404 2420 2421 2405
f 2405 2421 2422 2406
f 2406 2422 2423 2407
f 2407 2423 2424 2408
f 2408 2424 2425 2409
f 2409 2425 2426 2410
f 2410 2426 2427 2411
f 2411 2427 2428 2412
f 2412 2428 2429 2413
f 2413 2429 2430 2414
f 2414 2430 2431 2415
f 2415 2431 2432 2416
f 2416 2432 2417 2401
f 2417 2433 2434 2418
f 2418 2434 2435 2419
f 2419 2435 2436 2420
f 2420 2436 2437 2421
f 2421 2437 2438 2422
f 2422 2438 2439 2423
f 2423 2439 2440 2424
f 2424 2440 2441 2425
f 2425 2441 2442 2426
f 2426 2442 2443 2427
f 2427 2443 2444 2428
f 2428 2444 2445 2429
f 2429 2445 2446 2430
f 2430 2446 2447 2431
f 2431 2447 2448 2432
f 2432 2448 2433 2417
f 2433 2449 2450 2434
f 2434 2450 2451 2435
f 2435 2451 2452 2436
f 2436 2452 2453 2437
f 2437 2453 2454 2438
f 2438 2454 2455 2439
f 2439 2455 2456 2440
f 2440 2456 2457 2441
f 2441 2457 2458 2442
f 2442 2458 2459 2443
f 2443 2459 2460 2444
f 2444 2460 2461 2445
f 2445 2461 2462 2446
f 2446 2462 2463 2447
f 2447 2463 2464 2448
f 2448 2464 2449 2433
f 2449 2465 2466 2450
f 2450 2466 2467 2451
f 2451 2467 2468 2452
f 2452 2468 2469 2453
f 2453 2469 2470 2454
f 2454 2470 2471 2455
f 2455 2471 2472 2456
f 2456 2472 2473 2457
f 2457 2473 2474 2458
f 2458 2474 2475 2459
f 2459 2475 2476 2460
f 2460 2476 2477 2461
f 2461 2477 2478 2462
f 2462 2478 2479 2463
f 2463 2479 2480 2464
f 2464 2480 2465 2449
f 2465 2481 2482 2466
f 2466 2482 2483 2467
f 2467 2483 2484 2468
f 2468 2484 2485 2469
f 2469 2485 2486 2470
f 2470 2486 2487 2471
f 2471 2487 2488 2472
f 2472 2488 2489 2473
f 2473 2489 2490 2474
f 2474 2490 2491 2475
f 2475 2491 2492 2476
f 2476 2492 2493 2477
f 2477 2493 2494 2478
f 2478 2494 2495 2479
f 2479 2495 2496 2480
f 2480 2496 2481 2465
f 2481 2497 2498 2482
f 2482 2498 2499 2483
f 2483 2499 2500 2484
f 2484 2500 2501 2485
f 2485 2501 2502 2486
f 2486 2502 2503 2487
f 2487 2503 2504 2488
f 2488 2504 2505 2489
f 2489 2505 2506 2490
f 2490 2506 2507 2491
f 2491 2507 2508 2492
f 2492 2508 2509 2493
f 2493 2509 2510 2494
f 2494 2510 2511 2495
f 2495 2511 2512 2496
f 2496 2512 2497 2481
f 2497 2513 2514 2498
f 2498 2514 2515 2499
f 2499 2515 2516 2500
f 2500 2516 2517 2501
f 2501 2517 2518 2502
f 2502 2518 2519 2503
f 2503 2519 2520 2504
f 2504 2520 2521 2505
f 2505 2521 2522 2506
f 2506 2522 2523 2507
f 2507 2523 2524 2508
f 2508 2524 2525 2509
f 2509 2525 2526 2510
f 2510 2526 2527 2511
f 2511 2527 2528 2512
f 2512 2528 2513 2497
f 2513 2529 2530 2514
f 2514 2530 2531 2515
f 2515 2531 2532 2516
f 2516 2532 2533 2517
f 2517 2533 2534 2518
f 2518 2534 2535 2519
f 2519 2535 2536 2520
f 2520 2536 2537 2521
f 2521 2537 2538 2522
f 2522 2538 2539 2523
f 2523 2539 2540 2524
f 2524 2540 2541 2525
f 2525 2541 2542 2526
f 2526 2542 2543 2527
f 2527 2543 2544 2528
f 2528 2544 2529 2513
f 2529 2545 2546 2530
f 2530 2546 2547 2531
f 2531 2547 2548 2532
f 2532 2548 2549 2533
f 2533 2549 2550 2534
f 2534 2550 2551 2535
f 2535 2551 2552 2536
f 2536 2552 2553 2537
f 2537 2553 2554 2538
f 2538 2554 2555 2539
f 2539 2555 2556 2540
f 2540 2556 2557 2541
f 2541 2557 2558 2542
f 2542 2558 2559 2543
f 2543 2559 2560 2544
f 2544 2560 2545 2529
f 2545 1 2 2546
f 2546 2 3 2547
f 2547 3 4 2548
f 2548 4 5 2549
f 2549 5 6 2550
f 2550 6 7 2551
f 2551 7 8 2552
f 2552 8 9 2553
f 2553 9 10 2554
f 2554 10 11 2555
f 2555 11 12 2556
f 2556 12 13 2557
f 2557 13 14 2558
f 2558 14 15 2559
f 2559 15 16 2560
f 2560 16 1 2545
